account_id,customer_id,amount,status,type,date,branch,remarks,flag
A2000,C1000,,PENDING,LOAN,2021-05-22,B3,,Y
A2001,C1001,1935.98,PENDING,CURRENT,2023-03-13,B16,OK,N
A2002,C1002,45852.36,ACTIVE,LOAN,2023-12-21,B16,OK,N
A2003,C1003,671.18,PENDING,LOAN,2023-02-25,B15,OK,Y
A2004,C1004,29673.2,INACTIVE,SAVINGS,2024-09-17,B12,OK,N
A2005,C1005,21894.43,PENDING,LOAN,2023-09-18,B18,OK,N
A2006,C1006,42567.64,INACTIVE,CURRENT,2021-02-03,B6,OK,Y
A2007,C1007,22115.91,ACTIVE,CURRENT,2023-03-07,B11,OK,Y
A2008,C1008,28442.5,INACTIVE,SAVINGS,2023-03-25,B8,OK,Y
A2009,C1009,22210.94,ACTIVE,LOAN,2021-03-02,B13,OK,N
A2010,C1010,6175.82,INACTIVE,SAVINGS,2020-12-12,B11,OK,Y
A2011,C1011,9032.13,PENDING,LOAN,2022-12-21,B10,OK,Y
A2012,C1012,27723.79,INACTIVE,CURRENT,2022-07-26,B17,OK,N
A2013,C1013,8497.21,PENDING,LOAN,2025-05-10,B10,OK,Y
A2014,C1014,14133.97,ACTIVE,LOAN,2020-01-14,B11,OK,Y
A2015,C1015,21277.79,PENDING,LOAN,2022-11-16,B6,OK,N
A2016,C1016,22475.85,PENDING,CURRENT,2022-01-14,B7,OK,Y
A2017,C1017,4267.74,ACTIVE,SAVINGS,2023-01-07,B13,OK,Y
A2018,C1018,22174.94,ACTIVE,CURRENT,2022-07-08,B17,OK,Y
A2019,C1019,29361.84,PENDING,CURRENT,2022-09-27,B13,OK,N
A2020,C1020,45633.22,ACTIVE,LOAN,2021-07-13,B6,OK,Y
A2021,C1021,27826.07,PENDING,SAVINGS,2025-06-20,B18,OK,Y
A2022,C1022,22288.5,INACTIVE,CURRENT,2021-11-17,B4,OK,N
A2023,C1023,2699.12,INACTIVE,CURRENT,2025-03-20,B14,OK,N
A2024,C1024,16570.48,ACTIVE,SAVINGS,2022-04-01,B18,OK,N
A2025,C1025,44173.25,PENDING,LOAN,2024-10-19,B16,,Y
A2026,C1026,15982.12,INACTIVE,SAVINGS,2023-06-05,B7,OK,Y
A2027,C1027,39356.04,ACTIVE,CURRENT,2023-08-23,B5,OK,Y
A2028,C1028,34961.11,INACTIVE,SAVINGS,2022-07-17,B5,OK,N
A2029,C1029,28015.92,INACTIVE,CURRENT,2020-01-30,B13,OK,N
A2030,C1030,35839.75,INACTIVE,LOAN,2023-12-29,B10,OK,N
A2031,C1031,15664.17,INACTIVE,SAVINGS,2020-07-24,B16,OK,Y
A2032,C1032,22294.45,INACTIVE,SAVINGS,2023-01-07,B4,OK,N
A2033,C1033,15824.22,INACTIVE,LOAN,2023-02-18,B11,OK,N
A2034,C1034,28122.56,INACTIVE,CURRENT,2022-09-19,B13,OK,Y
A2035,C1035,8312.49,PENDING,SAVINGS,2024-10-24,B20,OK,Y
A2036,C1036,2590.91,INACTIVE,LOAN,2024-04-04,B2,OK,N
A2037,C1037,20993.31,ACTIVE,CURRENT,2022-01-06,B12,OK,N
A2038,C1038,10463.31,INACTIVE,SAVINGS,2021-10-04,B13,OK,N
A2039,C1039,33494.43,ACTIVE,SAVINGS,2022-03-07,B12,OK,Y
A2040,C1040,,ACTIVE,SAVINGS,2024-08-12,B20,OK,N
A2041,C1041,19240.73,PENDING,CURRENT,2020-07-15,B14,OK,Y
A2042,C1042,40416.47,ACTIVE,CURRENT,2025-05-03,B5,OK,Y
A2043,C1043,26685.37,PENDING,SAVINGS,2024-03-23,B11,OK,Y
A2044,C1044,18785.77,INACTIVE,LOAN,2024-11-19,B17,OK,N
A2045,C1045,47110.95,ACTIVE,SAVINGS,2020-11-20,B6,OK,Y
A2046,C1046,48207.99,ACTIVE,SAVINGS,2022-06-24,B19,OK,Y
A2047,C1047,21570.11,INACTIVE,LOAN,2024-06-13,B11,OK,Y
A2048,C1048,1046.31,ACTIVE,SAVINGS,2021-04-26,B16,OK,N
A2049,C1049,1722.85,PENDING,SAVINGS,2020-09-30,B18,OK,N
A2050,C1050,28244.88,ACTIVE,SAVINGS,2022-01-08,B5,,N
A2051,C1051,44683.19,INACTIVE,SAVINGS,2022-02-24,B16,OK,Y
A2052,C1052,26456.56,ACTIVE,LOAN,2021-05-08,B7,OK,Y
A2053,C1053,36126.2,INACTIVE,SAVINGS,2021-06-30,B17,OK,Y
A2054,C1054,3603.14,ACTIVE,SAVINGS,2024-11-10,B13,OK,N
A2055,C1055,5248.83,PENDING,LOAN,2022-12-06,B16,OK,N
A2056,C1056,7144.43,INACTIVE,LOAN,2021-12-15,B13,OK,N
A2057,C1057,21815.58,PENDING,SAVINGS,2021-02-04,B3,OK,Y
A2058,C1058,11907.71,ACTIVE,SAVINGS,2023-10-03,B13,OK,N
A2059,C1059,39227.1,INACTIVE,LOAN,2020-07-14,B2,OK,Y
A2060,C1060,40755.64,PENDING,SAVINGS,2020-03-31,B14,OK,N
A2061,C1061,20778.14,ACTIVE,LOAN,2024-04-29,B12,OK,N
A2062,C1062,38950.07,PENDING,LOAN,2020-04-06,B17,OK,N
A2063,C1063,6470.01,PENDING,CURRENT,2023-04-12,B2,OK,N
A2064,C1064,5870.21,ACTIVE,LOAN,2023-08-02,B4,OK,N
A2065,C1065,47542.59,ACTIVE,CURRENT,2020-09-23,B5,OK,N
A2066,C1066,1247.43,PENDING,SAVINGS,2022-09-16,B3,OK,N
A2067,C1067,4601.91,PENDING,LOAN,2022-10-23,B4,OK,Y
A2068,C1068,26938.81,PENDING,LOAN,2025-04-17,B13,OK,N
A2069,C1069,12097.24,PENDING,CURRENT,2022-09-05,B11,OK,N
A2070,C1070,5848.27,ACTIVE,LOAN,2023-06-05,B12,OK,Y
A2071,C1071,4817.81,ACTIVE,SAVINGS,2020-08-15,B19,OK,Y
A2072,C1072,189.54,INACTIVE,SAVINGS,2020-07-06,B10,OK,N
A2073,C1073,30571.87,PENDING,CURRENT,2023-02-21,B10,OK,N
A2074,C1074,31404.59,PENDING,LOAN,2020-02-29,B9,OK,N
A2075,C1075,21899.95,INACTIVE,CURRENT,2024-05-05,B16,,N
A2076,C1076,26705.43,INACTIVE,LOAN,2020-12-21,B15,OK,N
A2077,C1077,14792.24,PENDING,SAVINGS,2021-10-19,B17,OK,N
A2078,C1078,37990.3,PENDING,LOAN,2022-04-27,B18,OK,N
A2079,C1079,23875.44,PENDING,SAVINGS,2021-09-19,B1,OK,Y
A2080,C1080,,ACTIVE,CURRENT,2025-06-15,B4,OK,N
A2081,C1081,12966.06,INACTIVE,LOAN,2024-12-05,B10,OK,Y
A2082,C1082,5350.51,ACTIVE,CURRENT,2024-10-08,B2,OK,N
A2083,C1083,23488.45,PENDING,CURRENT,2023-01-14,B12,OK,Y
A2084,C1084,35552.58,ACTIVE,LOAN,2021-02-16,B9,OK,Y
A2085,C1085,39252.97,INACTIVE,SAVINGS,2023-08-17,B9,OK,Y
A2086,C1086,28288.93,ACTIVE,SAVINGS,2023-11-04,B11,OK,N
A2087,C1087,4584.66,INACTIVE,LOAN,2021-12-04,B19,OK,Y
A2088,C1088,9406.32,ACTIVE,LOAN,2020-08-26,B2,OK,Y
A2089,C1089,27759.15,INACTIVE,SAVINGS,2020-11-27,B18,OK,Y
A2090,C1090,11404.33,ACTIVE,SAVINGS,2022-10-28,B12,OK,N
A2091,C1091,13348.34,ACTIVE,CURRENT,2023-03-29,B8,OK,Y
A2092,C1092,42805.97,INACTIVE,SAVINGS,2025-03-25,B1,OK,N
A2093,C1093,30549.82,INACTIVE,CURRENT,2022-05-14,B14,OK,Y
A2094,C1094,9271.25,PENDING,SAVINGS,2025-03-21,B14,OK,N
A2095,C1095,17745.59,INACTIVE,LOAN,2025-02-08,B5,OK,Y
A2096,C1096,39461.41,ACTIVE,SAVINGS,2022-01-18,B3,OK,N
A2097,C1097,16100.74,ACTIVE,SAVINGS,2021-06-11,B5,OK,N
A2098,C1098,5368.78,PENDING,LOAN,2025-01-14,B20,OK,Y
A2099,C1099,23613.63,INACTIVE,LOAN,2021-08-19,B7,OK,Y
A2100,C1100,34480.55,INACTIVE,LOAN,2020-03-12,B13,,N
A2101,C1101,26769.65,ACTIVE,SAVINGS,2021-04-19,B16,OK,Y
A2102,C1102,44307.49,PENDING,LOAN,2022-06-12,B7,OK,N
A2103,C1103,4926.88,ACTIVE,CURRENT,2023-03-23,B4,OK,Y
A2104,C1104,24828.42,PENDING,LOAN,2025-04-14,B20,OK,N
A2105,C1105,20022.46,INACTIVE,SAVINGS,2023-07-05,B13,OK,Y
A2106,C1106,21294.22,ACTIVE,CURRENT,2022-03-06,B20,OK,N
A2107,C1107,31930.01,ACTIVE,LOAN,2021-07-09,B16,OK,N
A2108,C1108,13226.34,ACTIVE,CURRENT,2024-05-21,B5,OK,N
A2109,C1109,47171.6,PENDING,SAVINGS,2023-02-24,B4,OK,N
A2110,C1110,22714.48,ACTIVE,CURRENT,2020-10-11,B3,OK,N
A2111,C1111,35264.39,INACTIVE,SAVINGS,2022-09-07,B19,OK,Y
A2112,C1112,38759.34,PENDING,CURRENT,2022-10-04,B8,OK,Y
A2113,C1113,18805.63,ACTIVE,CURRENT,2023-05-15,B3,OK,Y
A2114,C1114,33641.05,INACTIVE,SAVINGS,2021-08-24,B20,OK,Y
A2115,C1115,17387.14,ACTIVE,SAVINGS,2020-05-29,B2,OK,N
A2116,C1116,17728.15,ACTIVE,LOAN,2022-08-21,B20,OK,N
A2117,C1117,42523.29,ACTIVE,LOAN,2021-12-28,B17,OK,Y
A2118,C1118,16373.12,ACTIVE,SAVINGS,2023-07-23,B7,OK,N
A2119,C1119,47831.37,INACTIVE,LOAN,2021-10-23,B10,OK,Y
A2120,C1120,,PENDING,CURRENT,2021-06-01,B8,OK,Y
A2121,C1121,48615.03,ACTIVE,SAVINGS,2021-06-15,B13,OK,Y
A2122,C1122,6895.22,PENDING,LOAN,2020-05-31,B11,OK,N
A2123,C1123,45418.25,ACTIVE,SAVINGS,2020-03-20,B15,OK,Y
A2124,C1124,20042.04,ACTIVE,LOAN,2025-01-10,B10,OK,Y
A2125,C1125,36073.5,INACTIVE,LOAN,2024-06-14,B15,,N
A2126,C1126,4180.31,ACTIVE,SAVINGS,2020-09-02,B17,OK,N
A2127,C1127,35740.08,PENDING,CURRENT,2020-01-21,B20,OK,Y
A2128,C1128,22913.47,PENDING,SAVINGS,2021-01-28,B1,OK,Y
A2129,C1129,15396.46,PENDING,LOAN,2021-08-25,B10,OK,N
A2130,C1130,46026.64,INACTIVE,CURRENT,2020-04-07,B1,OK,Y
A2131,C1131,31347.24,INACTIVE,SAVINGS,2021-02-26,B3,OK,N
A2132,C1132,22613.21,INACTIVE,SAVINGS,2021-05-20,B4,OK,Y
A2133,C1133,1516.0,PENDING,SAVINGS,2023-06-30,B20,OK,Y
A2134,C1134,22016.91,PENDING,SAVINGS,2023-02-19,B8,OK,N
A2135,C1135,8651.39,PENDING,SAVINGS,2021-04-03,B5,OK,Y
A2136,C1136,808.7,ACTIVE,CURRENT,2025-02-14,B19,OK,Y
A2137,C1137,25877.58,INACTIVE,SAVINGS,2022-03-26,B1,OK,N
A2138,C1138,17602.47,PENDING,CURRENT,2024-11-24,B13,OK,N
A2139,C1139,13954.48,ACTIVE,CURRENT,2023-02-26,B13,OK,Y
A2140,C1140,45086.86,ACTIVE,LOAN,2020-02-22,B17,OK,Y
A2141,C1141,42312.78,ACTIVE,SAVINGS,2021-10-14,B13,OK,Y
A2142,C1142,44014.38,PENDING,LOAN,2022-08-30,B17,OK,Y
A2143,C1143,39914.09,ACTIVE,SAVINGS,2023-02-11,B14,OK,N
A2144,C1144,27219.44,PENDING,SAVINGS,2021-03-21,B7,OK,N
A2145,C1145,35321.23,INACTIVE,LOAN,2020-02-16,B19,OK,N
A2146,C1146,9543.85,PENDING,LOAN,2022-12-28,B6,OK,Y
A2147,C1147,4405.63,INACTIVE,SAVINGS,2020-04-17,B13,OK,N
A2148,C1148,752.7,ACTIVE,SAVINGS,2023-12-21,B19,OK,N
A2149,C1149,23749.32,ACTIVE,SAVINGS,2023-03-05,B15,OK,Y
A2150,C1150,48494.27,PENDING,CURRENT,2024-11-22,B8,,Y
A2151,C1151,6363.52,PENDING,CURRENT,2022-10-07,B17,OK,N
A2152,C1152,21640.01,PENDING,SAVINGS,2024-09-29,B15,OK,N
A2153,C1153,47089.14,INACTIVE,CURRENT,2024-07-01,B19,OK,Y
A2154,C1154,18867.59,PENDING,SAVINGS,2021-01-05,B20,OK,N
A2155,C1155,3794.01,INACTIVE,LOAN,2022-10-08,B2,OK,N
A2156,C1156,45021.61,PENDING,LOAN,2024-04-14,B8,OK,N
A2157,C1157,17563.66,ACTIVE,CURRENT,2023-10-18,B2,OK,N
A2158,C1158,42131.06,PENDING,LOAN,2024-09-24,B11,OK,Y
A2159,C1159,28595.96,INACTIVE,LOAN,2021-09-30,B15,OK,Y
A2160,C1160,,INACTIVE,LOAN,2022-02-24,B1,OK,N
A2161,C1161,6029.66,INACTIVE,SAVINGS,2023-03-04,B3,OK,N
A2162,C1162,31267.05,PENDING,SAVINGS,2021-03-24,B10,OK,Y
A2163,C1163,8530.13,INACTIVE,CURRENT,2023-07-28,B15,OK,N
A2164,C1164,33232.8,ACTIVE,LOAN,2022-09-27,B19,OK,Y
A2165,C1165,46646.76,ACTIVE,SAVINGS,2020-02-08,B9,OK,Y
A2166,C1166,13444.21,ACTIVE,LOAN,2022-09-04,B20,OK,N
A2167,C1167,861.77,INACTIVE,SAVINGS,2024-10-02,B8,OK,N
A2168,C1168,36753.64,PENDING,SAVINGS,2020-02-16,B15,OK,Y
A2169,C1169,19691.38,ACTIVE,SAVINGS,2020-06-15,B13,OK,Y
A2170,C1170,8719.86,ACTIVE,CURRENT,2023-01-07,B20,OK,Y
A2171,C1171,1919.23,INACTIVE,SAVINGS,2024-07-27,B9,OK,N
A2172,C1172,9450.99,ACTIVE,LOAN,2024-09-22,B13,OK,N
A2173,C1173,19927.97,INACTIVE,CURRENT,2022-06-25,B11,OK,Y
A2174,C1174,3924.18,PENDING,LOAN,2022-05-08,B6,OK,N
A2175,C1175,8027.09,PENDING,LOAN,2024-05-11,B17,,Y
A2176,C1176,13367.18,INACTIVE,LOAN,2022-09-12,B10,OK,N
A2177,C1177,46810.82,INACTIVE,CURRENT,2023-02-03,B13,OK,N
A2178,C1178,12014.55,PENDING,LOAN,2024-07-20,B17,OK,Y
A2179,C1179,13243.94,PENDING,SAVINGS,2021-06-23,B13,OK,Y
A2180,C1180,13205.9,PENDING,CURRENT,2022-10-01,B1,OK,Y
A2181,C1181,41038.49,ACTIVE,SAVINGS,2020-11-07,B4,OK,N
A2182,C1182,2848.71,ACTIVE,SAVINGS,2022-08-17,B18,OK,N
A2183,C1183,39268.06,ACTIVE,CURRENT,2020-04-15,B17,OK,N
A2184,C1184,44460.21,PENDING,SAVINGS,2021-12-29,B20,OK,N
A2185,C1185,5535.5,INACTIVE,CURRENT,2025-04-01,B13,OK,N
A2186,C1186,4140.01,PENDING,CURRENT,2023-02-22,B12,OK,N
A2187,C1187,21574.06,PENDING,LOAN,2022-06-11,B19,OK,N
A2188,C1188,9339.89,ACTIVE,CURRENT,2025-05-24,B12,OK,N
A2189,C1189,3373.16,PENDING,CURRENT,2023-03-25,B6,OK,Y
A2190,C1190,38208.62,PENDING,SAVINGS,2022-12-24,B7,OK,N
A2191,C1191,47333.82,ACTIVE,CURRENT,2023-06-16,B17,OK,Y
A2192,C1192,38654.96,INACTIVE,SAVINGS,2024-10-05,B5,OK,N
A2193,C1193,21292.86,INACTIVE,LOAN,2024-05-16,B2,OK,Y
A2194,C1194,1228.02,ACTIVE,SAVINGS,2021-03-13,B13,OK,N
A2195,C1195,25512.72,INACTIVE,CURRENT,2023-05-06,B11,OK,N
A2196,C1196,45017.88,ACTIVE,LOAN,2023-06-05,B2,OK,Y
A2197,C1197,45877.7,PENDING,LOAN,2022-08-20,B6,OK,Y
A2198,C1198,418.02,ACTIVE,SAVINGS,2021-07-24,B7,OK,N
A2199,C1199,20118.85,PENDING,LOAN,2021-07-09,B9,OK,N
A2200,C1200,,ACTIVE,LOAN,2022-03-20,B15,,Y
A2201,C1201,3568.2,PENDING,CURRENT,2020-10-02,B20,OK,Y
A2202,C1202,31475.26,INACTIVE,LOAN,2020-04-25,B10,OK,N
A2203,C1203,38554.43,ACTIVE,LOAN,2023-06-25,B15,OK,N
A2204,C1204,29244.82,PENDING,CURRENT,2025-02-26,B13,OK,Y
A2205,C1205,29193.01,PENDING,CURRENT,2024-10-15,B4,OK,N
A2206,C1206,20315.04,ACTIVE,LOAN,2024-12-09,B1,OK,Y
A2207,C1207,45746.51,PENDING,LOAN,2022-04-16,B12,OK,Y
A2208,C1208,20231.07,ACTIVE,SAVINGS,2025-03-16,B10,OK,N
A2209,C1209,41196.49,ACTIVE,LOAN,2022-08-18,B10,OK,N
A2210,C1210,37061.29,ACTIVE,CURRENT,2023-01-09,B19,OK,N
A2211,C1211,45667.39,INACTIVE,SAVINGS,2022-07-17,B13,OK,Y
A2212,C1212,25171.48,PENDING,SAVINGS,2023-05-24,B19,OK,N
A2213,C1213,13032.28,INACTIVE,LOAN,2020-03-09,B10,OK,Y
A2214,C1214,42115.71,INACTIVE,CURRENT,2021-07-15,B4,OK,N
A2215,C1215,48275.13,ACTIVE,LOAN,2025-03-07,B4,OK,N
A2216,C1216,47335.42,INACTIVE,SAVINGS,2024-05-21,B8,OK,Y
A2217,C1217,11249.47,ACTIVE,SAVINGS,2024-01-30,B2,OK,Y
A2218,C1218,2200.62,INACTIVE,SAVINGS,2024-07-27,B12,OK,Y
A2219,C1219,2510.0,INACTIVE,LOAN,2023-07-02,B8,OK,Y
A2220,C1220,26819.8,INACTIVE,SAVINGS,2021-12-22,B20,OK,N
A2221,C1221,41338.36,PENDING,LOAN,2020-12-16,B11,OK,Y
A2222,C1222,46539.25,ACTIVE,SAVINGS,2024-07-13,B19,OK,N
A2223,C1223,4980.31,ACTIVE,SAVINGS,2024-11-19,B2,OK,N
A2224,C1224,27441.56,PENDING,LOAN,2025-04-22,B9,OK,N
A2225,C1225,19167.23,PENDING,SAVINGS,2021-09-18,B5,,Y
A2226,C1226,18308.17,PENDING,CURRENT,2020-07-12,B14,OK,Y
A2227,C1227,13746.47,INACTIVE,CURRENT,2024-04-04,B7,OK,N
A2228,C1228,46117.43,ACTIVE,LOAN,2021-04-01,B20,OK,Y
A2229,C1229,11511.26,INACTIVE,CURRENT,2023-08-06,B5,OK,N
A2230,C1230,33455.13,INACTIVE,LOAN,2022-06-20,B4,OK,N
A2231,C1231,2660.33,INACTIVE,LOAN,2022-11-21,B11,OK,Y
A2232,C1232,48850.48,ACTIVE,LOAN,2021-05-10,B13,OK,N
A2233,C1233,12828.61,ACTIVE,CURRENT,2024-04-30,B17,OK,Y
A2234,C1234,21391.96,INACTIVE,SAVINGS,2022-11-23,B9,OK,Y
A2235,C1235,10970.16,INACTIVE,CURRENT,2020-10-18,B4,OK,N
A2236,C1236,41158.23,PENDING,SAVINGS,2020-11-26,B7,OK,N
A2237,C1237,18291.15,PENDING,CURRENT,2021-12-12,B9,OK,Y
A2238,C1238,1561.35,INACTIVE,CURRENT,2025-01-21,B20,OK,Y
A2239,C1239,17104.83,ACTIVE,LOAN,2021-02-15,B9,OK,Y
A2240,C1240,,ACTIVE,CURRENT,2023-11-10,B12,OK,N
A2241,C1241,37639.46,ACTIVE,SAVINGS,2025-05-24,B1,OK,N
A2242,C1242,16959.38,INACTIVE,LOAN,2024-06-15,B14,OK,N
A2243,C1243,49977.11,PENDING,CURRENT,2025-04-19,B13,OK,N
A2244,C1244,38662.05,PENDING,SAVINGS,2025-03-17,B14,OK,Y
A2245,C1245,30638.4,INACTIVE,CURRENT,2024-01-08,B1,OK,Y
A2246,C1246,29739.79,ACTIVE,SAVINGS,2023-06-28,B8,OK,N
A2247,C1247,42404.22,INACTIVE,CURRENT,2023-06-26,B1,OK,Y
A2248,C1248,19849.19,PENDING,LOAN,2021-03-01,B16,OK,N
A2249,C1249,24692.7,INACTIVE,LOAN,2025-02-28,B6,OK,N
A2250,C1250,10755.33,INACTIVE,LOAN,2024-05-13,B2,,N
A2251,C1251,14657.17,ACTIVE,CURRENT,2024-08-12,B17,OK,N
A2252,C1252,23804.59,INACTIVE,CURRENT,2022-12-03,B11,OK,Y
A2253,C1253,13901.87,INACTIVE,LOAN,2025-02-24,B19,OK,N
A2254,C1254,24865.87,INACTIVE,SAVINGS,2021-08-16,B9,OK,N
A2255,C1255,48707.82,INACTIVE,CURRENT,2024-12-10,B15,OK,N
A2256,C1256,36044.36,INACTIVE,SAVINGS,2020-07-08,B19,OK,Y
A2257,C1257,48576.68,INACTIVE,SAVINGS,2022-12-06,B10,OK,Y
A2258,C1258,20781.99,ACTIVE,LOAN,2023-07-06,B11,OK,Y
A2259,C1259,46071.32,INACTIVE,SAVINGS,2023-07-03,B12,OK,N
A2260,C1260,46878.46,ACTIVE,LOAN,2020-06-20,B2,OK,N
A2261,C1261,961.14,INACTIVE,SAVINGS,2020-12-11,B9,OK,Y
A2262,C1262,42606.21,INACTIVE,CURRENT,2023-07-13,B6,OK,Y
A2263,C1263,1954.3,INACTIVE,LOAN,2023-11-02,B4,OK,N
A2264,C1264,14400.52,ACTIVE,SAVINGS,2021-11-14,B14,OK,N
A2265,C1265,30001.17,PENDING,LOAN,2023-10-12,B3,OK,N
A2266,C1266,39810.12,INACTIVE,LOAN,2021-01-02,B8,OK,N
A2267,C1267,43348.02,PENDING,CURRENT,2023-10-21,B13,OK,Y
A2268,C1268,12789.8,ACTIVE,CURRENT,2020-03-07,B9,OK,Y
A2269,C1269,8996.37,INACTIVE,CURRENT,2023-11-22,B14,OK,N
A2270,C1270,5026.3,ACTIVE,CURRENT,2020-12-25,B9,OK,Y
A2271,C1271,6313.49,PENDING,CURRENT,2023-02-02,B1,OK,N
A2272,C1272,146.64,INACTIVE,CURRENT,2020-07-17,B9,OK,Y
A2273,C1273,29894.95,ACTIVE,SAVINGS,2020-12-24,B19,OK,N
A2274,C1274,26543.52,PENDING,SAVINGS,2021-03-27,B13,OK,Y
A2275,C1275,33589.05,PENDING,CURRENT,2024-04-14,B20,,Y
A2276,C1276,2678.55,INACTIVE,LOAN,2022-04-28,B7,OK,Y
A2277,C1277,11111.75,PENDING,CURRENT,2023-01-10,B18,OK,N
A2278,C1278,42610.3,PENDING,CURRENT,2021-01-27,B17,OK,N
A2279,C1279,41041.14,ACTIVE,LOAN,2021-08-21,B20,OK,N
A2280,C1280,,PENDING,SAVINGS,2023-12-29,B9,OK,N
A2281,C1281,28923.84,INACTIVE,LOAN,2023-08-05,B8,OK,Y
A2282,C1282,26859.57,ACTIVE,SAVINGS,2021-03-23,B9,OK,Y
A2283,C1283,36912.83,ACTIVE,SAVINGS,2023-08-31,B2,OK,Y
A2284,C1284,19400.31,INACTIVE,SAVINGS,2023-07-24,B9,OK,N
A2285,C1285,2098.76,ACTIVE,SAVINGS,2024-01-13,B16,OK,N
A2286,C1286,15074.87,INACTIVE,CURRENT,2024-05-13,B12,OK,Y
A2287,C1287,14336.56,INACTIVE,CURRENT,2022-09-16,B20,OK,Y
A2288,C1288,39259.65,INACTIVE,SAVINGS,2022-03-09,B2,OK,Y
A2289,C1289,13018.05,INACTIVE,SAVINGS,2022-07-18,B10,OK,Y
A2290,C1290,13451.37,ACTIVE,LOAN,2023-10-21,B20,OK,N
A2291,C1291,39222.39,INACTIVE,CURRENT,2024-03-24,B12,OK,N
A2292,C1292,38009.9,PENDING,CURRENT,2024-10-31,B13,OK,N
A2293,C1293,44446.26,ACTIVE,LOAN,2020-11-25,B11,OK,N
A2294,C1294,28426.05,PENDING,CURRENT,2020-09-09,B13,OK,Y
A2295,C1295,21692.67,ACTIVE,SAVINGS,2021-04-14,B16,OK,N
A2296,C1296,8653.21,ACTIVE,SAVINGS,2023-06-22,B4,OK,N
A2297,C1297,16164.16,INACTIVE,SAVINGS,2022-02-13,B16,OK,Y
A2298,C1298,1878.52,ACTIVE,LOAN,2021-05-26,B5,OK,Y
A2299,C1299,13691.82,PENDING,SAVINGS,2020-01-11,B12,OK,N
A2300,C1300,41597.94,ACTIVE,SAVINGS,2025-03-25,B10,,Y
A2301,C1301,6380.26,PENDING,SAVINGS,2023-04-22,B14,OK,N
A2302,C1302,38266.81,ACTIVE,SAVINGS,2025-01-18,B7,OK,Y
A2303,C1303,30105.51,ACTIVE,CURRENT,2023-01-13,B16,OK,Y
A2304,C1304,30165.31,INACTIVE,SAVINGS,2021-02-21,B3,OK,Y
A2305,C1305,12233.82,ACTIVE,LOAN,2023-06-11,B5,OK,N
A2306,C1306,48311.59,PENDING,CURRENT,2020-06-10,B12,OK,N
A2307,C1307,8972.73,PENDING,CURRENT,2022-06-06,B18,OK,Y
A2308,C1308,46377.42,PENDING,LOAN,2020-08-28,B14,OK,N
A2309,C1309,18392.55,INACTIVE,LOAN,2023-02-25,B13,OK,N
A2310,C1310,33486.05,ACTIVE,SAVINGS,2024-04-17,B2,OK,N
A2311,C1311,43150.38,INACTIVE,SAVINGS,2023-09-20,B15,OK,N
A2312,C1312,17609.94,INACTIVE,SAVINGS,2023-01-23,B16,OK,N
A2313,C1313,29894.24,ACTIVE,LOAN,2021-03-27,B10,OK,Y
A2314,C1314,41617.18,ACTIVE,LOAN,2021-04-09,B14,OK,Y
A2315,C1315,33551.04,INACTIVE,CURRENT,2024-01-08,B2,OK,N
A2316,C1316,10208.3,PENDING,SAVINGS,2021-09-24,B10,OK,Y
A2317,C1317,21438.9,INACTIVE,CURRENT,2022-05-09,B8,OK,Y
A2318,C1318,8439.47,ACTIVE,LOAN,2022-02-21,B6,OK,Y
A2319,C1319,25725.2,INACTIVE,CURRENT,2023-01-29,B14,OK,Y
A2320,C1320,,PENDING,LOAN,2023-09-26,B14,OK,N
A2321,C1321,48138.2,PENDING,SAVINGS,2023-02-20,B2,OK,Y
A2322,C1322,32358.31,INACTIVE,SAVINGS,2025-06-21,B5,OK,N
A2323,C1323,42060.91,ACTIVE,CURRENT,2020-10-26,B5,OK,N
A2324,C1324,49681.93,INACTIVE,LOAN,2020-07-09,B17,OK,Y
A2325,C1325,3557.3,INACTIVE,CURRENT,2022-01-20,B7,,Y
A2326,C1326,26495.43,ACTIVE,CURRENT,2025-05-07,B7,OK,Y
A2327,C1327,11843.55,PENDING,LOAN,2021-11-24,B10,OK,N
A2328,C1328,41292.39,PENDING,LOAN,2024-07-12,B17,OK,Y
A2329,C1329,37967.94,ACTIVE,CURRENT,2020-09-09,B19,OK,Y
A2330,C1330,37952.86,PENDING,CURRENT,2020-07-01,B17,OK,Y
A2331,C1331,22811.35,ACTIVE,CURRENT,2024-01-16,B5,OK,Y
A2332,C1332,39575.2,PENDING,SAVINGS,2021-10-16,B12,OK,N
A2333,C1333,48889.67,ACTIVE,CURRENT,2022-08-07,B3,OK,N
A2334,C1334,18300.1,INACTIVE,SAVINGS,2023-04-11,B12,OK,N
A2335,C1335,41702.7,PENDING,SAVINGS,2020-07-13,B15,OK,N
A2336,C1336,15341.6,ACTIVE,CURRENT,2024-02-14,B8,OK,N
A2337,C1337,45594.39,ACTIVE,SAVINGS,2020-04-14,B1,OK,Y
A2338,C1338,30058.83,INACTIVE,LOAN,2020-03-16,B9,OK,N
A2339,C1339,48195.32,PENDING,LOAN,2021-05-26,B1,OK,Y
A2340,C1340,49397.39,INACTIVE,CURRENT,2021-07-06,B16,OK,Y
A2341,C1341,19293.52,INACTIVE,LOAN,2022-05-08,B8,OK,Y
A2342,C1342,25901.99,INACTIVE,LOAN,2021-06-24,B1,OK,Y
A2343,C1343,40293.73,INACTIVE,LOAN,2024-04-13,B5,OK,N
A2344,C1344,3888.02,PENDING,SAVINGS,2023-02-14,B18,OK,Y
A2345,C1345,49605.68,INACTIVE,SAVINGS,2023-06-05,B11,OK,Y
A2346,C1346,6483.05,PENDING,LOAN,2024-12-03,B4,OK,Y
A2347,C1347,38767.81,PENDING,CURRENT,2021-07-13,B12,OK,Y
A2348,C1348,44938.54,PENDING,SAVINGS,2020-05-10,B15,OK,N
A2349,C1349,35706.9,INACTIVE,LOAN,2020-09-30,B13,OK,N
A2350,C1350,37782.27,INACTIVE,CURRENT,2021-08-21,B16,,Y
A2351,C1351,48719.3,ACTIVE,CURRENT,2021-04-15,B2,OK,N
A2352,C1352,2993.86,ACTIVE,SAVINGS,2023-05-01,B15,OK,Y
A2353,C1353,48821.57,PENDING,SAVINGS,2020-09-28,B13,OK,N
A2354,C1354,11132.22,PENDING,CURRENT,2021-01-10,B7,OK,Y
A2355,C1355,4538.1,INACTIVE,CURRENT,2020-06-25,B4,OK,Y
A2356,C1356,10241.95,PENDING,LOAN,2022-07-06,B3,OK,N
A2357,C1357,28585.64,ACTIVE,SAVINGS,2023-06-19,B4,OK,N
A2358,C1358,42936.74,PENDING,CURRENT,2023-06-04,B3,OK,N
A2359,C1359,21575.49,ACTIVE,SAVINGS,2023-09-25,B9,OK,N
A2360,C1360,,INACTIVE,CURRENT,2023-04-06,B11,OK,N
A2361,C1361,25836.14,PENDING,LOAN,2020-05-24,B7,OK,N
A2362,C1362,17388.37,PENDING,CURRENT,2021-12-10,B4,OK,N
A2363,C1363,16470.99,ACTIVE,CURRENT,2022-04-21,B5,OK,Y
A2364,C1364,13913.41,PENDING,LOAN,2020-04-04,B6,OK,N
A2365,C1365,2856.86,PENDING,SAVINGS,2021-06-28,B19,OK,Y
A2366,C1366,46886.65,PENDING,LOAN,2023-02-17,B15,OK,Y
A2367,C1367,46534.23,INACTIVE,SAVINGS,2020-10-15,B16,OK,N
A2368,C1368,25157.47,PENDING,CURRENT,2025-01-22,B3,OK,N
A2369,C1369,6500.56,PENDING,LOAN,2021-04-22,B14,OK,N
A2370,C1370,3142.23,PENDING,CURRENT,2022-12-25,B17,OK,Y
A2371,C1371,3109.86,ACTIVE,SAVINGS,2020-02-08,B12,OK,Y
A2372,C1372,11949.07,PENDING,LOAN,2023-08-23,B14,OK,N
A2373,C1373,8269.02,ACTIVE,SAVINGS,2021-03-25,B17,OK,Y
A2374,C1374,32785.23,PENDING,SAVINGS,2024-06-23,B1,OK,Y
A2375,C1375,27234.68,ACTIVE,CURRENT,2021-11-12,B5,,Y
A2376,C1376,12799.4,INACTIVE,CURRENT,2023-05-01,B2,OK,Y
A2377,C1377,42698.32,INACTIVE,SAVINGS,2024-02-06,B11,OK,N
A2378,C1378,46482.82,PENDING,LOAN,2024-11-02,B13,OK,N
A2379,C1379,39651.56,INACTIVE,CURRENT,2023-10-08,B4,OK,Y
A2380,C1380,35726.9,INACTIVE,SAVINGS,2021-03-03,B4,OK,Y
A2381,C1381,12288.97,ACTIVE,SAVINGS,2025-06-05,B11,OK,Y
A2382,C1382,45448.9,INACTIVE,CURRENT,2022-08-10,B18,OK,Y
A2383,C1383,34782.11,INACTIVE,SAVINGS,2024-02-12,B1,OK,Y
A2384,C1384,48418.64,PENDING,LOAN,2022-07-09,B7,OK,N
A2385,C1385,40741.16,INACTIVE,SAVINGS,2023-08-08,B20,OK,N
A2386,C1386,18756.78,PENDING,CURRENT,2021-03-29,B8,OK,N
A2387,C1387,714.54,INACTIVE,CURRENT,2022-10-07,B12,OK,Y
A2388,C1388,29663.8,PENDING,LOAN,2024-03-16,B4,OK,Y
A2389,C1389,34458.86,INACTIVE,SAVINGS,2022-05-12,B2,OK,Y
A2390,C1390,48861.73,PENDING,LOAN,2022-03-02,B14,OK,N
A2391,C1391,26285.61,ACTIVE,LOAN,2023-12-29,B6,OK,Y
A2392,C1392,29111.94,ACTIVE,LOAN,2023-01-18,B15,OK,N
A2393,C1393,15054.91,ACTIVE,SAVINGS,2023-12-19,B15,OK,N
A2394,C1394,49535.76,PENDING,LOAN,2021-12-07,B14,OK,N
A2395,C1395,42807.14,INACTIVE,SAVINGS,2023-10-01,B15,OK,N
A2396,C1396,40816.54,PENDING,LOAN,2022-04-30,B10,OK,N
A2397,C1397,43403.26,ACTIVE,SAVINGS,2025-04-13,B11,OK,N
A2398,C1398,45526.19,PENDING,CURRENT,2022-11-28,B8,OK,N
A2399,C1399,12420.26,ACTIVE,CURRENT,2023-12-21,B8,OK,N
A2400,C1400,,ACTIVE,LOAN,2022-05-29,B13,,Y
A2401,C1401,6808.71,ACTIVE,SAVINGS,2022-08-17,B20,OK,N
A2402,C1402,39770.34,ACTIVE,CURRENT,2023-05-21,B13,OK,N
A2403,C1403,406.22,ACTIVE,SAVINGS,2024-02-28,B14,OK,N
A2404,C1404,36938.11,INACTIVE,LOAN,2022-05-07,B18,OK,Y
A2405,C1405,33110.85,PENDING,SAVINGS,2020-07-18,B6,OK,N
A2406,C1406,40728.19,ACTIVE,SAVINGS,2022-01-04,B11,OK,N
A2407,C1407,1809.72,INACTIVE,CURRENT,2020-03-05,B12,OK,N
A2408,C1408,27946.24,ACTIVE,CURRENT,2025-05-20,B9,OK,Y
A2409,C1409,45975.47,PENDING,CURRENT,2023-02-11,B3,OK,Y
A2410,C1410,6443.46,ACTIVE,CURRENT,2021-10-23,B11,OK,N
A2411,C1411,8379.47,ACTIVE,CURRENT,2020-02-06,B18,OK,Y
A2412,C1412,21023.5,INACTIVE,SAVINGS,2024-07-11,B20,OK,N
A2413,C1413,5319.28,PENDING,LOAN,2020-02-03,B13,OK,Y
A2414,C1414,24969.39,ACTIVE,CURRENT,2023-04-14,B2,OK,N
A2415,C1415,23607.61,PENDING,CURRENT,2021-01-22,B1,OK,Y
A2416,C1416,23599.93,INACTIVE,CURRENT,2023-07-16,B17,OK,Y
A2417,C1417,20815.12,PENDING,LOAN,2021-08-27,B3,OK,Y
A2418,C1418,44962.9,INACTIVE,SAVINGS,2025-02-07,B12,OK,Y
A2419,C1419,4147.9,INACTIVE,SAVINGS,2023-04-28,B20,OK,N
A2420,C1420,39998.46,ACTIVE,SAVINGS,2023-05-18,B11,OK,Y
A2421,C1421,43561.62,INACTIVE,SAVINGS,2021-03-03,B10,OK,Y
A2422,C1422,24539.32,INACTIVE,LOAN,2022-06-29,B13,OK,N
A2423,C1423,26172.71,PENDING,LOAN,2022-08-30,B6,OK,Y
A2424,C1424,26.83,INACTIVE,SAVINGS,2023-08-27,B5,OK,Y
A2425,C1425,42924.04,ACTIVE,LOAN,2021-05-14,B15,,Y
A2426,C1426,4248.74,INACTIVE,LOAN,2023-01-27,B13,OK,N
A2427,C1427,30537.47,PENDING,CURRENT,2023-01-19,B17,OK,N
A2428,C1428,23534.82,INACTIVE,SAVINGS,2023-10-04,B7,OK,N
A2429,C1429,1767.51,INACTIVE,LOAN,2024-05-21,B5,OK,N
A2430,C1430,10884.58,INACTIVE,CURRENT,2023-07-09,B2,OK,N
A2431,C1431,35405.94,PENDING,SAVINGS,2021-08-08,B19,OK,N
A2432,C1432,46816.68,ACTIVE,LOAN,2023-07-24,B3,OK,N
A2433,C1433,45148.73,ACTIVE,SAVINGS,2020-01-01,B1,OK,Y
A2434,C1434,40863.43,ACTIVE,LOAN,2021-05-30,B2,OK,Y
A2435,C1435,49940.78,INACTIVE,CURRENT,2023-10-28,B9,OK,N
A2436,C1436,10018.79,PENDING,SAVINGS,2022-04-19,B3,OK,N
A2437,C1437,5772.92,INACTIVE,CURRENT,2022-10-25,B4,OK,Y
A2438,C1438,45226.28,ACTIVE,SAVINGS,2022-04-15,B20,OK,Y
A2439,C1439,10097.93,PENDING,SAVINGS,2022-07-21,B17,OK,Y
A2440,C1440,,INACTIVE,LOAN,2024-07-04,B20,OK,N
A2441,C1441,32936.0,ACTIVE,CURRENT,2020-04-17,B2,OK,N
A2442,C1442,7977.7,ACTIVE,LOAN,2021-10-08,B1,OK,Y
A2443,C1443,12615.98,ACTIVE,CURRENT,2024-05-25,B19,OK,N
A2444,C1444,24958.3,ACTIVE,SAVINGS,2021-08-07,B1,OK,Y
A2445,C1445,7882.24,PENDING,SAVINGS,2021-05-13,B19,OK,N
A2446,C1446,46139.34,ACTIVE,SAVINGS,2023-03-08,B12,OK,Y
A2447,C1447,13513.21,ACTIVE,SAVINGS,2021-09-07,B8,OK,N
A2448,C1448,41291.26,INACTIVE,LOAN,2020-10-04,B10,OK,Y
A2449,C1449,14892.75,PENDING,SAVINGS,2021-09-05,B17,OK,Y
A2450,C1450,38591.23,ACTIVE,CURRENT,2022-03-29,B4,,Y
A2451,C1451,48204.03,INACTIVE,CURRENT,2025-05-31,B1,OK,N
A2452,C1452,34706.06,INACTIVE,CURRENT,2021-01-03,B7,OK,N
A2453,C1453,49014.68,PENDING,SAVINGS,2022-11-28,B18,OK,Y
A2454,C1454,6898.19,PENDING,LOAN,2021-02-10,B12,OK,N
A2455,C1455,11400.83,ACTIVE,SAVINGS,2025-06-06,B12,OK,Y
A2456,C1456,34789.81,ACTIVE,CURRENT,2021-11-09,B14,OK,N
A2457,C1457,22093.71,INACTIVE,LOAN,2023-05-04,B20,OK,N
A2458,C1458,18561.35,ACTIVE,LOAN,2021-06-15,B5,OK,Y
A2459,C1459,39374.99,INACTIVE,SAVINGS,2021-11-01,B4,OK,Y
A2460,C1460,43459.27,PENDING,SAVINGS,2021-02-10,B13,OK,Y
A2461,C1461,15157.51,INACTIVE,LOAN,2024-05-14,B12,OK,Y
A2462,C1462,49498.75,PENDING,SAVINGS,2023-05-06,B9,OK,N
A2463,C1463,9075.56,PENDING,LOAN,2020-08-22,B1,OK,N
A2464,C1464,36435.87,ACTIVE,LOAN,2023-03-04,B13,OK,N
A2465,C1465,22761.98,PENDING,SAVINGS,2025-06-11,B8,OK,N
A2466,C1466,3095.71,ACTIVE,SAVINGS,2021-02-08,B14,OK,Y
A2467,C1467,37340.81,INACTIVE,LOAN,2021-12-22,B3,OK,Y
A2468,C1468,47864.54,PENDING,CURRENT,2024-06-28,B19,OK,N
A2469,C1469,14399.5,INACTIVE,LOAN,2024-05-21,B11,OK,N
A2470,C1470,44098.41,ACTIVE,SAVINGS,2022-03-03,B10,OK,N
A2471,C1471,2932.3,PENDING,CURRENT,2021-07-20,B2,OK,N
A2472,C1472,15893.71,PENDING,CURRENT,2024-02-20,B15,OK,Y
A2473,C1473,8535.47,ACTIVE,CURRENT,2021-06-09,B7,OK,N
A2474,C1474,10078.38,ACTIVE,LOAN,2020-12-08,B14,OK,N
A2475,C1475,28295.55,PENDING,LOAN,2020-09-21,B3,,N
A2476,C1476,11994.08,INACTIVE,LOAN,2024-11-26,B6,OK,N
A2477,C1477,41062.18,ACTIVE,SAVINGS,2021-09-17,B17,OK,Y
A2478,C1478,7110.39,ACTIVE,CURRENT,2022-11-05,B16,OK,Y
A2479,C1479,19352.41,PENDING,LOAN,2021-08-25,B14,OK,N
A2480,C1480,,ACTIVE,LOAN,2022-12-26,B14,OK,N
A2481,C1481,1342.59,INACTIVE,LOAN,2020-05-06,B10,OK,N
A2482,C1482,16272.2,PENDING,SAVINGS,2020-10-13,B18,OK,Y
A2483,C1483,10922.5,PENDING,SAVINGS,2020-12-01,B10,OK,N
A2484,C1484,25984.05,ACTIVE,SAVINGS,2025-06-20,B17,OK,N
A2485,C1485,45519.67,PENDING,SAVINGS,2022-05-22,B12,OK,Y
A2486,C1486,39086.26,INACTIVE,LOAN,2021-11-02,B10,OK,N
A2487,C1487,48686.08,ACTIVE,LOAN,2020-10-03,B1,OK,Y
A2488,C1488,44172.29,ACTIVE,LOAN,2023-05-03,B12,OK,N
A2489,C1489,25774.78,ACTIVE,LOAN,2020-09-28,B14,OK,Y
A2490,C1490,3738.52,PENDING,LOAN,2023-11-25,B10,OK,N
A2491,C1491,36169.25,INACTIVE,CURRENT,2022-04-12,B13,OK,N
A2492,C1492,21919.91,INACTIVE,LOAN,2023-12-05,B14,OK,Y
A2493,C1493,39956.25,PENDING,CURRENT,2021-05-27,B9,OK,N
A2494,C1494,48041.35,INACTIVE,LOAN,2020-04-09,B10,OK,N
A2495,C1495,17239.3,ACTIVE,CURRENT,2020-10-23,B16,OK,Y
A2496,C1496,43845.48,ACTIVE,CURRENT,2024-05-16,B3,OK,N
A2497,C1497,8506.35,INACTIVE,LOAN,2022-04-19,B10,OK,N
A2498,C1498,11046.42,ACTIVE,LOAN,2022-09-09,B12,OK,Y
A2499,C1499,41561.4,INACTIVE,LOAN,2022-03-15,B15,OK,Y
