atm_txn_id,customer_id,account_id,amount,status,type,date,branch,remarks,flag
AT1,C1000,A2000,,ACTIVE,LOAN,2023-01-29,B3,,Y
AT2,C1001,A2001,11869.98,PENDING,LOAN,2025-02-24,B3,OK,Y
AT3,C1002,A2002,937.15,INACTIVE,SAVINGS,2024-12-25,B3,OK,N
AT4,C1003,A2003,22370.03,ACTIVE,LOAN,2023-04-12,B20,OK,Y
AT5,C1004,A2004,39147.46,ACTIVE,CURRENT,2022-08-17,B16,OK,Y
AT6,C1005,A2005,412.73,ACTIVE,CURRENT,2024-05-08,B14,OK,Y
AT7,C1006,A2006,46745.25,INACTIVE,CURRENT,2021-01-22,B11,OK,Y
AT8,C1007,A2007,36743.15,PENDING,SAVINGS,2024-03-26,B4,OK,Y
AT9,C1008,A2008,8695.73,PENDING,SAVINGS,2024-02-17,B17,OK,N
AT10,C1009,A2009,46412.78,INACTIVE,LOAN,2023-08-16,B10,OK,Y
AT11,C1010,A2010,24197.79,PENDING,CURRENT,2025-05-27,B12,OK,N
AT12,C1011,A2011,13568.3,PENDING,LOAN,2020-10-20,B10,OK,N
AT13,C1012,A2012,7879.7,PENDING,CURRENT,2022-01-17,B10,OK,N
AT14,C1013,A2013,28167.76,ACTIVE,SAVINGS,2020-09-07,B9,OK,N
AT15,C1014,A2014,49012.24,PENDING,LOAN,2023-05-21,B15,OK,Y
AT16,C1015,A2015,1847.23,PENDING,CURRENT,2021-11-04,B3,OK,Y
AT17,C1016,A2016,18503.87,ACTIVE,CURRENT,2024-02-18,B19,OK,Y
AT18,C1017,A2017,29985.4,PENDING,CURRENT,2025-06-21,B4,OK,Y
AT19,C1018,A2018,4177.61,PENDING,SAVINGS,2024-01-21,B10,OK,Y
AT20,C1019,A2019,22068.35,INACTIVE,SAVINGS,2024-07-28,B2,OK,Y
AT21,C1020,A2020,13406.6,ACTIVE,CURRENT,2020-05-02,B12,OK,N
AT22,C1021,A2021,17917.87,PENDING,SAVINGS,2025-01-10,B9,OK,Y
AT23,C1022,A2022,25881.19,INACTIVE,SAVINGS,2023-12-24,B10,OK,Y
AT24,C1023,A2023,4731.16,INACTIVE,SAVINGS,2021-04-07,B9,OK,Y
AT25,C1024,A2024,48499.25,INACTIVE,SAVINGS,2022-08-11,B2,OK,N
AT26,C1025,A2025,40491.44,ACTIVE,LOAN,2022-07-21,B18,,Y
AT27,C1026,A2026,29598.23,INACTIVE,LOAN,2022-09-20,B8,OK,Y
AT28,C1027,A2027,33831.43,INACTIVE,LOAN,2021-01-15,B11,OK,N
AT29,C1028,A2028,27342.02,PENDING,LOAN,2020-05-03,B1,OK,Y
AT30,C1029,A2029,17396.31,ACTIVE,CURRENT,2024-08-27,B2,OK,Y
AT31,C1030,A2030,4773.1,INACTIVE,LOAN,2021-06-02,B11,OK,N
AT32,C1031,A2031,40311.4,INACTIVE,CURRENT,2025-04-18,B16,OK,Y
AT33,C1032,A2032,6658.49,PENDING,CURRENT,2025-05-28,B6,OK,Y
AT34,C1033,A2033,45446.97,PENDING,LOAN,2025-05-11,B12,OK,Y
AT35,C1034,A2034,9269.78,ACTIVE,LOAN,2022-06-12,B20,OK,N
AT36,C1035,A2035,26701.1,INACTIVE,CURRENT,2021-04-29,B11,OK,N
AT37,C1036,A2036,38486.01,PENDING,SAVINGS,2021-02-14,B16,OK,Y
AT38,C1037,A2037,46234.04,ACTIVE,LOAN,2021-10-10,B15,OK,Y
AT39,C1038,A2038,5002.62,PENDING,LOAN,2024-09-18,B13,OK,N
AT40,C1039,A2039,8264.17,INACTIVE,SAVINGS,2024-11-26,B3,OK,Y
AT41,C1040,A2040,,ACTIVE,LOAN,2021-05-14,B1,OK,Y
AT42,C1041,A2041,19743.76,PENDING,LOAN,2021-09-30,B10,OK,Y
AT43,C1042,A2042,409.86,ACTIVE,SAVINGS,2023-07-06,B6,OK,N
AT44,C1043,A2043,27552.06,INACTIVE,LOAN,2023-05-10,B20,OK,Y
AT45,C1044,A2044,42145.69,ACTIVE,CURRENT,2024-01-28,B18,OK,N
AT46,C1045,A2045,15469.77,ACTIVE,CURRENT,2023-09-02,B5,OK,N
AT47,C1046,A2046,14441.17,ACTIVE,CURRENT,2021-02-15,B11,OK,N
AT48,C1047,A2047,8404.1,INACTIVE,CURRENT,2020-06-21,B20,OK,Y
AT49,C1048,A2048,15881.66,INACTIVE,CURRENT,2025-05-04,B14,OK,Y
AT50,C1049,A2049,8158.45,ACTIVE,LOAN,2023-05-22,B3,OK,Y
AT51,C1050,A2050,20571.61,INACTIVE,LOAN,2023-02-08,B18,,N
AT52,C1051,A2051,30132.29,ACTIVE,SAVINGS,2024-11-11,B7,OK,N
AT53,C1052,A2052,14410.56,INACTIVE,SAVINGS,2020-01-28,B15,OK,N
AT54,C1053,A2053,26441.1,PENDING,CURRENT,2024-01-09,B13,OK,Y
AT55,C1054,A2054,28000.21,INACTIVE,SAVINGS,2020-03-14,B12,OK,Y
AT56,C1055,A2055,28076.24,ACTIVE,SAVINGS,2022-11-27,B20,OK,N
AT57,C1056,A2056,16557.36,ACTIVE,SAVINGS,2021-07-05,B5,OK,Y
AT58,C1057,A2057,11720.72,ACTIVE,CURRENT,2021-07-11,B4,OK,N
AT59,C1058,A2058,41583.68,PENDING,CURRENT,2022-09-27,B10,OK,Y
AT60,C1059,A2059,46740.32,ACTIVE,LOAN,2024-01-05,B2,OK,Y
AT61,C1060,A2060,40738.14,PENDING,SAVINGS,2022-07-04,B1,OK,N
AT62,C1061,A2061,16776.96,PENDING,SAVINGS,2020-05-08,B1,OK,N
AT63,C1062,A2062,22532.5,PENDING,CURRENT,2022-07-25,B19,OK,Y
AT64,C1063,A2063,14844.1,INACTIVE,SAVINGS,2023-10-19,B19,OK,N
AT65,C1064,A2064,16122.31,ACTIVE,CURRENT,2022-11-07,B3,OK,Y
AT66,C1065,A2065,1467.51,ACTIVE,SAVINGS,2022-08-18,B10,OK,Y
AT67,C1066,A2066,47308.48,INACTIVE,CURRENT,2020-07-05,B20,OK,Y
AT68,C1067,A2067,38869.98,PENDING,SAVINGS,2022-10-11,B11,OK,Y
AT69,C1068,A2068,48335.9,ACTIVE,LOAN,2020-11-18,B19,OK,Y
AT70,C1069,A2069,19077.64,INACTIVE,LOAN,2022-04-29,B12,OK,N
AT71,C1070,A2070,36554.89,ACTIVE,SAVINGS,2020-08-21,B1,OK,N
AT72,C1071,A2071,21156.07,INACTIVE,LOAN,2021-08-06,B19,OK,Y
AT73,C1072,A2072,28229.16,PENDING,SAVINGS,2021-10-22,B5,OK,Y
AT74,C1073,A2073,36508.27,PENDING,CURRENT,2021-07-20,B2,OK,N
AT75,C1074,A2074,36855.06,ACTIVE,LOAN,2023-02-02,B11,OK,Y
AT76,C1075,A2075,9133.92,ACTIVE,SAVINGS,2022-02-04,B1,,N
AT77,C1076,A2076,35781.08,PENDING,CURRENT,2023-07-14,B14,OK,N
AT78,C1077,A2077,25846.26,PENDING,CURRENT,2024-10-06,B1,OK,Y
AT79,C1078,A2078,15958.26,ACTIVE,LOAN,2022-03-08,B15,OK,N
AT80,C1079,A2079,36361.63,INACTIVE,CURRENT,2025-03-21,B12,OK,Y
AT81,C1080,A2080,,PENDING,SAVINGS,2022-10-07,B10,OK,Y
AT82,C1081,A2081,37367.07,PENDING,LOAN,2024-02-26,B17,OK,N
AT83,C1082,A2082,38878.93,ACTIVE,CURRENT,2024-08-05,B4,OK,Y
AT84,C1083,A2083,38393.69,ACTIVE,SAVINGS,2020-11-06,B14,OK,N
AT85,C1084,A2084,24917.86,ACTIVE,LOAN,2024-06-18,B3,OK,Y
AT86,C1085,A2085,48789.06,PENDING,SAVINGS,2025-02-14,B18,OK,Y
AT87,C1086,A2086,11431.52,ACTIVE,CURRENT,2020-08-29,B4,OK,Y
AT88,C1087,A2087,12558.81,INACTIVE,LOAN,2024-04-26,B19,OK,Y
AT89,C1088,A2088,35239.92,INACTIVE,SAVINGS,2025-06-18,B10,OK,N
AT90,C1089,A2089,10700.74,INACTIVE,CURRENT,2024-06-27,B17,OK,Y
AT91,C1090,A2090,15945.27,PENDING,SAVINGS,2023-01-25,B7,OK,Y
AT92,C1091,A2091,24160.33,PENDING,CURRENT,2024-03-13,B2,OK,N
AT93,C1092,A2092,25526.47,ACTIVE,CURRENT,2022-11-17,B11,OK,N
AT94,C1093,A2093,6472.39,PENDING,SAVINGS,2024-10-27,B8,OK,N
AT95,C1094,A2094,13792.87,PENDING,CURRENT,2024-04-06,B15,OK,N
AT96,C1095,A2095,38609.32,PENDING,SAVINGS,2024-11-28,B7,OK,Y
AT97,C1096,A2096,44647.62,ACTIVE,LOAN,2025-04-07,B15,OK,N
AT98,C1097,A2097,19830.87,PENDING,LOAN,2021-02-08,B2,OK,Y
AT99,C1098,A2098,36199.97,PENDING,CURRENT,2025-05-06,B4,OK,N
AT100,C1099,A2099,42747.69,ACTIVE,SAVINGS,2022-09-19,B16,OK,N
AT101,C1100,A2100,41034.2,PENDING,SAVINGS,2024-11-03,B20,,Y
AT102,C1101,A2101,41279.99,ACTIVE,LOAN,2021-11-28,B18,OK,N
AT103,C1102,A2102,11650.26,INACTIVE,SAVINGS,2024-09-17,B6,OK,N
AT104,C1103,A2103,7710.83,INACTIVE,LOAN,2022-07-20,B12,OK,N
AT105,C1104,A2104,35239.93,ACTIVE,SAVINGS,2025-03-25,B15,OK,Y
AT106,C1105,A2105,14092.02,ACTIVE,LOAN,2024-07-16,B17,OK,Y
AT107,C1106,A2106,6564.44,INACTIVE,CURRENT,2022-05-31,B5,OK,N
AT108,C1107,A2107,43299.6,PENDING,LOAN,2023-12-11,B9,OK,N
AT109,C1108,A2108,31283.74,INACTIVE,SAVINGS,2022-09-08,B14,OK,N
AT110,C1109,A2109,2425.92,ACTIVE,LOAN,2021-04-04,B7,OK,N
AT111,C1110,A2110,46274.21,INACTIVE,SAVINGS,2022-03-03,B3,OK,N
AT112,C1111,A2111,41706.9,PENDING,CURRENT,2024-10-23,B3,OK,N
AT113,C1112,A2112,1287.14,INACTIVE,LOAN,2025-05-22,B13,OK,N
AT114,C1113,A2113,45429.57,PENDING,SAVINGS,2020-02-20,B10,OK,N
AT115,C1114,A2114,27268.48,PENDING,CURRENT,2023-06-03,B14,OK,N
AT116,C1115,A2115,36087.81,INACTIVE,LOAN,2024-02-14,B8,OK,N
AT117,C1116,A2116,22220.93,ACTIVE,LOAN,2022-10-04,B16,OK,Y
AT118,C1117,A2117,20055.94,INACTIVE,SAVINGS,2023-08-19,B2,OK,Y
AT119,C1118,A2118,19184.62,PENDING,LOAN,2024-06-22,B4,OK,N
AT120,C1119,A2119,31115.11,ACTIVE,LOAN,2021-11-16,B8,OK,Y
AT121,C1120,A2120,,INACTIVE,CURRENT,2022-11-11,B15,OK,Y
AT122,C1121,A2121,13653.57,ACTIVE,SAVINGS,2025-05-28,B12,OK,Y
AT123,C1122,A2122,29058.74,ACTIVE,SAVINGS,2025-04-06,B12,OK,Y
AT124,C1123,A2123,26737.61,INACTIVE,SAVINGS,2022-10-19,B15,OK,N
AT125,C1124,A2124,7260.09,PENDING,SAVINGS,2025-06-10,B12,OK,Y
AT126,C1125,A2125,39928.22,ACTIVE,SAVINGS,2024-09-04,B1,,Y
AT127,C1126,A2126,5149.71,INACTIVE,LOAN,2021-08-30,B13,OK,Y
AT128,C1127,A2127,40637.81,INACTIVE,SAVINGS,2021-07-06,B4,OK,N
AT129,C1128,A2128,24454.92,INACTIVE,SAVINGS,2023-01-18,B11,OK,N
AT130,C1129,A2129,44734.47,ACTIVE,SAVINGS,2022-07-31,B3,OK,N
AT131,C1130,A2130,44799.51,PENDING,CURRENT,2023-04-22,B3,OK,N
AT132,C1131,A2131,7491.37,ACTIVE,SAVINGS,2022-12-04,B14,OK,Y
AT133,C1132,A2132,39983.2,PENDING,LOAN,2021-01-04,B17,OK,N
AT134,C1133,A2133,34197.31,INACTIVE,LOAN,2023-12-19,B4,OK,N
AT135,C1134,A2134,19524.21,ACTIVE,CURRENT,2020-05-23,B19,OK,N
AT136,C1135,A2135,9870.39,INACTIVE,LOAN,2023-04-08,B20,OK,N
AT137,C1136,A2136,22246.68,INACTIVE,CURRENT,2020-04-01,B14,OK,Y
AT138,C1137,A2137,31749.08,PENDING,CURRENT,2023-08-03,B17,OK,N
AT139,C1138,A2138,43257.88,ACTIVE,CURRENT,2022-03-13,B18,OK,N
AT140,C1139,A2139,8915.61,ACTIVE,LOAN,2020-11-22,B2,OK,Y
AT141,C1140,A2140,49363.07,ACTIVE,LOAN,2024-04-13,B5,OK,N
AT142,C1141,A2141,13433.72,PENDING,SAVINGS,2020-04-15,B9,OK,Y
AT143,C1142,A2142,28121.2,ACTIVE,CURRENT,2021-02-13,B3,OK,N
AT144,C1143,A2143,2593.6,INACTIVE,CURRENT,2023-04-29,B17,OK,Y
AT145,C1144,A2144,32830.95,PENDING,CURRENT,2021-01-14,B8,OK,Y
AT146,C1145,A2145,3892.66,PENDING,SAVINGS,2024-01-09,B7,OK,Y
AT147,C1146,A2146,7568.94,ACTIVE,SAVINGS,2022-02-03,B3,OK,N
AT148,C1147,A2147,5149.38,PENDING,SAVINGS,2021-11-03,B19,OK,N
AT149,C1148,A2148,4983.94,INACTIVE,CURRENT,2022-03-10,B20,OK,Y
AT150,C1149,A2149,21658.82,PENDING,CURRENT,2020-06-20,B8,OK,N
AT151,C1150,A2150,37065.71,ACTIVE,CURRENT,2022-08-10,B5,,Y
AT152,C1151,A2151,25260.19,PENDING,LOAN,2025-06-13,B5,OK,Y
AT153,C1152,A2152,47448.04,INACTIVE,CURRENT,2022-03-14,B13,OK,N
AT154,C1153,A2153,8973.61,INACTIVE,SAVINGS,2024-09-30,B5,OK,Y
AT155,C1154,A2154,22550.63,PENDING,CURRENT,2023-03-29,B14,OK,N
AT156,C1155,A2155,9457.1,PENDING,SAVINGS,2020-12-01,B17,OK,Y
AT157,C1156,A2156,35419.52,INACTIVE,SAVINGS,2020-05-17,B8,OK,Y
AT158,C1157,A2157,12377.74,ACTIVE,CURRENT,2021-05-03,B3,OK,N
AT159,C1158,A2158,22553.76,ACTIVE,SAVINGS,2022-02-04,B11,OK,N
AT160,C1159,A2159,49336.07,ACTIVE,SAVINGS,2020-06-16,B19,OK,N
AT161,C1160,A2160,,INACTIVE,LOAN,2025-04-15,B7,OK,N
AT162,C1161,A2161,30456.03,ACTIVE,SAVINGS,2021-05-09,B1,OK,Y
AT163,C1162,A2162,42279.28,PENDING,SAVINGS,2020-10-01,B7,OK,N
AT164,C1163,A2163,1019.99,PENDING,LOAN,2020-11-09,B13,OK,Y
AT165,C1164,A2164,42506.46,PENDING,SAVINGS,2025-06-13,B4,OK,N
AT166,C1165,A2165,3774.72,INACTIVE,CURRENT,2020-05-11,B19,OK,N
AT167,C1166,A2166,22977.3,ACTIVE,CURRENT,2022-05-03,B11,OK,Y
AT168,C1167,A2167,29727.99,PENDING,LOAN,2024-12-04,B18,OK,N
AT169,C1168,A2168,12828.87,PENDING,SAVINGS,2020-10-26,B1,OK,N
AT170,C1169,A2169,21092.84,INACTIVE,LOAN,2025-04-15,B8,OK,N
AT171,C1170,A2170,12772.35,ACTIVE,LOAN,2023-12-27,B19,OK,N
AT172,C1171,A2171,16334.33,PENDING,LOAN,2025-04-02,B6,OK,Y
AT173,C1172,A2172,7259.51,PENDING,CURRENT,2023-04-07,B13,OK,Y
AT174,C1173,A2173,1222.24,INACTIVE,CURRENT,2020-11-17,B17,OK,N
AT175,C1174,A2174,20604.61,ACTIVE,LOAN,2020-11-14,B5,OK,Y
AT176,C1175,A2175,48969.14,INACTIVE,CURRENT,2024-03-05,B3,,Y
AT177,C1176,A2176,24117.02,ACTIVE,CURRENT,2021-12-10,B19,OK,N
AT178,C1177,A2177,49365.79,ACTIVE,SAVINGS,2022-04-10,B1,OK,Y
AT179,C1178,A2178,14922.04,INACTIVE,CURRENT,2020-12-25,B3,OK,Y
AT180,C1179,A2179,11877.32,ACTIVE,LOAN,2020-09-22,B18,OK,N
AT181,C1180,A2180,40667.94,ACTIVE,CURRENT,2022-03-01,B3,OK,Y
AT182,C1181,A2181,39420.69,PENDING,LOAN,2021-03-31,B18,OK,Y
AT183,C1182,A2182,4491.0,ACTIVE,CURRENT,2025-02-08,B10,OK,Y
AT184,C1183,A2183,16694.14,PENDING,LOAN,2024-04-09,B11,OK,Y
AT185,C1184,A2184,18835.6,ACTIVE,CURRENT,2022-10-14,B19,OK,N
AT186,C1185,A2185,15896.25,INACTIVE,SAVINGS,2022-06-16,B18,OK,Y
AT187,C1186,A2186,7317.14,INACTIVE,LOAN,2024-08-14,B14,OK,Y
AT188,C1187,A2187,20373.52,INACTIVE,CURRENT,2022-10-22,B4,OK,Y
AT189,C1188,A2188,22670.94,ACTIVE,LOAN,2023-08-15,B5,OK,Y
AT190,C1189,A2189,32738.35,ACTIVE,CURRENT,2020-06-14,B3,OK,Y
AT191,C1190,A2190,12575.24,ACTIVE,SAVINGS,2024-11-27,B20,OK,Y
AT192,C1191,A2191,32777.05,PENDING,CURRENT,2023-02-09,B1,OK,N
AT193,C1192,A2192,29010.52,INACTIVE,LOAN,2024-04-04,B1,OK,Y
AT194,C1193,A2193,2069.44,INACTIVE,SAVINGS,2024-07-15,B13,OK,N
AT195,C1194,A2194,7267.09,PENDING,CURRENT,2020-08-09,B5,OK,N
AT196,C1195,A2195,20494.68,PENDING,SAVINGS,2024-01-10,B12,OK,Y
AT197,C1196,A2196,36524.98,INACTIVE,SAVINGS,2020-04-27,B5,OK,Y
AT198,C1197,A2197,38202.84,ACTIVE,LOAN,2021-01-14,B18,OK,Y
AT199,C1198,A2198,27815.57,PENDING,LOAN,2023-08-25,B10,OK,N
AT200,C1199,A2199,15341.0,PENDING,CURRENT,2024-03-14,B3,OK,Y
AT201,C1200,A2200,,INACTIVE,CURRENT,2024-06-13,B14,,N
AT202,C1201,A2201,11456.49,ACTIVE,SAVINGS,2020-09-23,B14,OK,N
AT203,C1202,A2202,5680.6,INACTIVE,CURRENT,2024-06-10,B9,OK,Y
AT204,C1203,A2203,35282.79,PENDING,SAVINGS,2024-01-12,B18,OK,N
AT205,C1204,A2204,20110.7,PENDING,LOAN,2022-01-21,B8,OK,N
AT206,C1205,A2205,29981.25,PENDING,SAVINGS,2023-02-12,B16,OK,Y
AT207,C1206,A2206,26409.24,PENDING,SAVINGS,2021-07-05,B17,OK,Y
AT208,C1207,A2207,6520.7,ACTIVE,CURRENT,2024-03-07,B15,OK,N
AT209,C1208,A2208,31137.73,PENDING,LOAN,2021-07-05,B2,OK,N
AT210,C1209,A2209,18763.55,INACTIVE,LOAN,2022-10-28,B11,OK,N
AT211,C1210,A2210,31309.87,ACTIVE,SAVINGS,2023-10-28,B2,OK,N
AT212,C1211,A2211,19893.18,ACTIVE,SAVINGS,2025-04-22,B15,OK,N
AT213,C1212,A2212,27426.81,INACTIVE,LOAN,2023-07-23,B13,OK,Y
AT214,C1213,A2213,43680.97,INACTIVE,SAVINGS,2023-12-06,B17,OK,N
AT215,C1214,A2214,22444.21,INACTIVE,LOAN,2021-02-07,B8,OK,N
AT216,C1215,A2215,7148.39,ACTIVE,LOAN,2022-09-03,B9,OK,Y
AT217,C1216,A2216,10243.08,INACTIVE,LOAN,2023-10-22,B20,OK,N
AT218,C1217,A2217,30604.37,PENDING,CURRENT,2022-06-28,B14,OK,N
AT219,C1218,A2218,10666.72,ACTIVE,CURRENT,2022-04-03,B15,OK,Y
AT220,C1219,A2219,27102.33,INACTIVE,SAVINGS,2021-11-01,B14,OK,N
AT221,C1220,A2220,7185.26,INACTIVE,CURRENT,2024-02-13,B6,OK,Y
AT222,C1221,A2221,37969.27,INACTIVE,CURRENT,2021-03-27,B12,OK,Y
AT223,C1222,A2222,37908.66,ACTIVE,CURRENT,2020-07-27,B9,OK,Y
AT224,C1223,A2223,48477.97,ACTIVE,CURRENT,2020-12-15,B19,OK,N
AT225,C1224,A2224,42483.0,ACTIVE,CURRENT,2022-10-27,B19,OK,Y
AT226,C1225,A2225,19183.09,PENDING,SAVINGS,2023-06-17,B6,,Y
AT227,C1226,A2226,25565.79,ACTIVE,LOAN,2024-10-14,B1,OK,Y
AT228,C1227,A2227,27615.7,ACTIVE,LOAN,2020-07-20,B11,OK,Y
AT229,C1228,A2228,14182.16,INACTIVE,SAVINGS,2023-07-22,B17,OK,Y
AT230,C1229,A2229,43791.01,ACTIVE,SAVINGS,2020-06-09,B16,OK,Y
AT231,C1230,A2230,18232.92,ACTIVE,CURRENT,2024-02-13,B5,OK,N
AT232,C1231,A2231,39899.7,INACTIVE,LOAN,2020-04-15,B3,OK,N
AT233,C1232,A2232,23237.4,PENDING,SAVINGS,2025-05-24,B13,OK,N
AT234,C1233,A2233,46831.3,ACTIVE,SAVINGS,2021-12-01,B4,OK,N
AT235,C1234,A2234,8818.97,ACTIVE,SAVINGS,2024-08-18,B14,OK,Y
AT236,C1235,A2235,26157.37,PENDING,LOAN,2021-10-05,B5,OK,N
AT237,C1236,A2236,41199.99,PENDING,LOAN,2020-03-19,B10,OK,Y
AT238,C1237,A2237,29353.24,ACTIVE,SAVINGS,2022-01-31,B14,OK,Y
AT239,C1238,A2238,33312.61,PENDING,SAVINGS,2022-07-13,B13,OK,N
AT240,C1239,A2239,31233.08,INACTIVE,CURRENT,2020-10-05,B16,OK,Y
AT241,C1240,A2240,,ACTIVE,CURRENT,2022-12-05,B10,OK,Y
AT242,C1241,A2241,21645.42,PENDING,SAVINGS,2025-03-07,B12,OK,N
AT243,C1242,A2242,37959.92,ACTIVE,SAVINGS,2024-09-19,B10,OK,Y
AT244,C1243,A2243,48678.56,INACTIVE,SAVINGS,2023-09-27,B4,OK,Y
AT245,C1244,A2244,19461.94,INACTIVE,SAVINGS,2023-07-29,B3,OK,N
AT246,C1245,A2245,39668.34,ACTIVE,CURRENT,2023-11-05,B1,OK,Y
AT247,C1246,A2246,17208.13,PENDING,SAVINGS,2021-03-07,B5,OK,Y
AT248,C1247,A2247,46112.66,PENDING,LOAN,2025-01-03,B4,OK,N
AT249,C1248,A2248,9060.63,INACTIVE,SAVINGS,2021-11-29,B14,OK,N
AT250,C1249,A2249,15068.13,ACTIVE,LOAN,2024-05-20,B9,OK,Y
AT251,C1250,A2250,29680.67,PENDING,CURRENT,2021-12-13,B8,,N
AT252,C1251,A2251,18535.26,ACTIVE,SAVINGS,2021-10-08,B11,OK,N
AT253,C1252,A2252,3391.26,PENDING,LOAN,2022-02-03,B3,OK,Y
AT254,C1253,A2253,47572.44,ACTIVE,SAVINGS,2021-07-26,B15,OK,Y
AT255,C1254,A2254,47516.86,ACTIVE,CURRENT,2021-01-08,B2,OK,N
AT256,C1255,A2255,15251.88,PENDING,LOAN,2022-11-07,B20,OK,N
AT257,C1256,A2256,18851.22,PENDING,SAVINGS,2025-03-16,B10,OK,Y
AT258,C1257,A2257,24286.28,PENDING,CURRENT,2022-09-21,B4,OK,Y
AT259,C1258,A2258,43711.55,ACTIVE,LOAN,2024-02-03,B20,OK,N
AT260,C1259,A2259,45907.53,ACTIVE,LOAN,2022-02-21,B13,OK,N
AT261,C1260,A2260,33611.96,PENDING,LOAN,2024-06-22,B18,OK,Y
AT262,C1261,A2261,30358.59,ACTIVE,SAVINGS,2020-12-15,B7,OK,N
AT263,C1262,A2262,4876.29,PENDING,LOAN,2024-08-19,B17,OK,Y
AT264,C1263,A2263,6511.62,INACTIVE,SAVINGS,2023-06-26,B14,OK,N
AT265,C1264,A2264,44419.91,PENDING,CURRENT,2024-12-29,B8,OK,N
AT266,C1265,A2265,35220.73,ACTIVE,LOAN,2023-05-21,B14,OK,N
AT267,C1266,A2266,34514.51,ACTIVE,LOAN,2020-03-25,B4,OK,Y
AT268,C1267,A2267,307.5,INACTIVE,CURRENT,2024-06-25,B3,OK,Y
AT269,C1268,A2268,21805.32,ACTIVE,LOAN,2020-07-01,B2,OK,Y
AT270,C1269,A2269,5216.38,ACTIVE,CURRENT,2023-12-08,B14,OK,Y
AT271,C1270,A2270,10337.35,PENDING,LOAN,2020-04-24,B17,OK,N
AT272,C1271,A2271,22815.38,INACTIVE,LOAN,2022-04-11,B13,OK,Y
AT273,C1272,A2272,48732.4,ACTIVE,LOAN,2020-03-17,B11,OK,Y
AT274,C1273,A2273,241.24,PENDING,CURRENT,2025-02-12,B6,OK,Y
AT275,C1274,A2274,36958.49,PENDING,LOAN,2022-05-07,B13,OK,N
AT276,C1275,A2275,43193.89,ACTIVE,LOAN,2021-11-04,B8,,N
AT277,C1276,A2276,22051.1,INACTIVE,CURRENT,2022-01-30,B19,OK,Y
AT278,C1277,A2277,14034.14,ACTIVE,LOAN,2023-08-23,B11,OK,Y
AT279,C1278,A2278,33458.73,ACTIVE,SAVINGS,2024-05-26,B4,OK,Y
AT280,C1279,A2279,8884.54,PENDING,LOAN,2021-11-07,B14,OK,N
AT281,C1280,A2280,,ACTIVE,LOAN,2024-04-20,B16,OK,Y
AT282,C1281,A2281,13322.95,INACTIVE,CURRENT,2023-05-14,B18,OK,N
AT283,C1282,A2282,25121.89,INACTIVE,SAVINGS,2023-11-13,B16,OK,Y
AT284,C1283,A2283,36373.66,PENDING,CURRENT,2021-04-23,B19,OK,N
AT285,C1284,A2284,29101.75,PENDING,SAVINGS,2022-05-19,B5,OK,N
AT286,C1285,A2285,46360.15,PENDING,SAVINGS,2022-04-13,B12,OK,N
AT287,C1286,A2286,39623.8,PENDING,CURRENT,2021-05-28,B3,OK,Y
AT288,C1287,A2287,46892.18,PENDING,SAVINGS,2022-09-13,B16,OK,N
AT289,C1288,A2288,34394.93,PENDING,LOAN,2023-08-22,B7,OK,N
AT290,C1289,A2289,9320.53,INACTIVE,SAVINGS,2022-07-04,B19,OK,N
AT291,C1290,A2290,41577.26,PENDING,LOAN,2024-11-04,B5,OK,N
AT292,C1291,A2291,393.88,ACTIVE,LOAN,2022-03-30,B13,OK,N
AT293,C1292,A2292,29482.76,ACTIVE,LOAN,2021-02-24,B1,OK,Y
AT294,C1293,A2293,28774.05,INACTIVE,LOAN,2023-03-31,B20,OK,Y
AT295,C1294,A2294,12559.33,INACTIVE,LOAN,2023-06-07,B20,OK,N
AT296,C1295,A2295,10692.45,PENDING,CURRENT,2020-12-21,B17,OK,N
AT297,C1296,A2296,9394.19,PENDING,SAVINGS,2022-09-17,B2,OK,N
AT298,C1297,A2297,8549.93,ACTIVE,CURRENT,2020-04-20,B15,OK,N
AT299,C1298,A2298,2910.69,INACTIVE,LOAN,2023-06-14,B5,OK,N
AT300,C1299,A2299,39285.04,INACTIVE,CURRENT,2023-07-09,B20,OK,N
AT301,C1300,A2300,67.29,PENDING,LOAN,2020-10-16,B14,,Y
AT302,C1301,A2301,42139.68,PENDING,LOAN,2021-10-28,B17,OK,Y
AT303,C1302,A2302,47527.82,ACTIVE,CURRENT,2022-11-26,B13,OK,N
AT304,C1303,A2303,5290.55,PENDING,LOAN,2020-04-14,B12,OK,Y
AT305,C1304,A2304,3366.32,ACTIVE,CURRENT,2023-04-26,B10,OK,Y
AT306,C1305,A2305,39219.2,PENDING,SAVINGS,2020-02-28,B12,OK,Y
AT307,C1306,A2306,38566.94,ACTIVE,SAVINGS,2020-05-23,B6,OK,N
AT308,C1307,A2307,15736.85,INACTIVE,CURRENT,2021-07-09,B18,OK,Y
AT309,C1308,A2308,3703.13,INACTIVE,LOAN,2020-02-13,B6,OK,Y
AT310,C1309,A2309,37159.32,INACTIVE,SAVINGS,2022-04-21,B17,OK,N
AT311,C1310,A2310,48040.1,INACTIVE,LOAN,2020-01-09,B9,OK,Y
AT312,C1311,A2311,4411.29,INACTIVE,CURRENT,2023-06-10,B19,OK,Y
AT313,C1312,A2312,39044.16,INACTIVE,CURRENT,2021-06-01,B8,OK,Y
AT314,C1313,A2313,42819.59,PENDING,SAVINGS,2022-07-15,B4,OK,Y
AT315,C1314,A2314,397.98,PENDING,LOAN,2022-09-22,B2,OK,N
AT316,C1315,A2315,26643.09,INACTIVE,LOAN,2020-04-02,B18,OK,N
AT317,C1316,A2316,40358.15,ACTIVE,CURRENT,2023-05-11,B7,OK,N
AT318,C1317,A2317,12338.86,INACTIVE,SAVINGS,2023-04-19,B10,OK,Y
AT319,C1318,A2318,33757.17,INACTIVE,LOAN,2024-07-22,B20,OK,N
AT320,C1319,A2319,9102.81,PENDING,LOAN,2022-08-13,B11,OK,Y
AT321,C1320,A2320,,ACTIVE,LOAN,2025-04-11,B11,OK,N
AT322,C1321,A2321,8149.75,PENDING,CURRENT,2021-07-04,B4,OK,Y
AT323,C1322,A2322,26985.8,INACTIVE,SAVINGS,2022-03-04,B3,OK,N
AT324,C1323,A2323,16551.61,ACTIVE,LOAN,2023-11-10,B10,OK,N
AT325,C1324,A2324,2183.01,INACTIVE,CURRENT,2020-12-17,B5,OK,Y
AT326,C1325,A2325,32340.13,INACTIVE,SAVINGS,2024-08-02,B14,,Y
AT327,C1326,A2326,28994.41,ACTIVE,LOAN,2021-04-22,B5,OK,N
AT328,C1327,A2327,16134.0,PENDING,LOAN,2022-09-12,B18,OK,N
AT329,C1328,A2328,7008.27,PENDING,SAVINGS,2020-12-20,B4,OK,N
AT330,C1329,A2329,3460.54,PENDING,SAVINGS,2022-09-11,B7,OK,N
AT331,C1330,A2330,24815.52,INACTIVE,SAVINGS,2020-04-12,B7,OK,N
AT332,C1331,A2331,27150.53,PENDING,LOAN,2020-05-05,B18,OK,N
AT333,C1332,A2332,17439.93,INACTIVE,CURRENT,2023-05-06,B12,OK,Y
AT334,C1333,A2333,27087.61,ACTIVE,LOAN,2022-02-23,B1,OK,N
AT335,C1334,A2334,16511.2,PENDING,SAVINGS,2025-04-16,B12,OK,Y
AT336,C1335,A2335,40297.71,PENDING,LOAN,2023-07-03,B8,OK,N
AT337,C1336,A2336,4406.73,PENDING,SAVINGS,2024-03-05,B2,OK,Y
AT338,C1337,A2337,6530.81,ACTIVE,SAVINGS,2024-08-12,B14,OK,Y
AT339,C1338,A2338,27256.3,INACTIVE,SAVINGS,2022-07-18,B18,OK,Y
AT340,C1339,A2339,26081.36,PENDING,CURRENT,2023-02-02,B6,OK,N
AT341,C1340,A2340,18540.72,INACTIVE,SAVINGS,2021-11-17,B7,OK,N
AT342,C1341,A2341,3329.07,PENDING,CURRENT,2024-10-22,B15,OK,Y
AT343,C1342,A2342,4399.57,INACTIVE,SAVINGS,2023-08-13,B5,OK,Y
AT344,C1343,A2343,11829.89,INACTIVE,CURRENT,2023-02-15,B7,OK,N
AT345,C1344,A2344,1770.4,INACTIVE,CURRENT,2023-01-15,B3,OK,N
AT346,C1345,A2345,19487.55,ACTIVE,CURRENT,2023-03-06,B17,OK,Y
AT347,C1346,A2346,16258.22,ACTIVE,SAVINGS,2020-11-20,B8,OK,N
AT348,C1347,A2347,24313.64,ACTIVE,LOAN,2024-06-16,B18,OK,N
AT349,C1348,A2348,41651.14,PENDING,CURRENT,2022-12-14,B9,OK,Y
AT350,C1349,A2349,13782.9,INACTIVE,CURRENT,2021-07-07,B9,OK,N
AT351,C1350,A2350,3284.97,INACTIVE,SAVINGS,2021-02-21,B4,,Y
AT352,C1351,A2351,26766.06,ACTIVE,SAVINGS,2021-04-21,B8,OK,N
AT353,C1352,A2352,23769.77,INACTIVE,SAVINGS,2023-12-28,B4,OK,Y
AT354,C1353,A2353,43227.36,INACTIVE,LOAN,2020-10-28,B3,OK,N
AT355,C1354,A2354,11510.52,PENDING,SAVINGS,2020-01-21,B1,OK,N
AT356,C1355,A2355,39426.49,ACTIVE,SAVINGS,2022-08-12,B8,OK,Y
AT357,C1356,A2356,2259.34,ACTIVE,CURRENT,2024-05-19,B14,OK,N
AT358,C1357,A2357,5458.72,ACTIVE,LOAN,2020-01-17,B7,OK,N
AT359,C1358,A2358,11808.96,PENDING,CURRENT,2021-04-25,B18,OK,N
AT360,C1359,A2359,43297.44,PENDING,CURRENT,2020-06-05,B5,OK,Y
AT361,C1360,A2360,,INACTIVE,LOAN,2021-12-17,B14,OK,N
AT362,C1361,A2361,28032.51,INACTIVE,SAVINGS,2024-09-15,B11,OK,Y
AT363,C1362,A2362,12803.76,ACTIVE,CURRENT,2022-06-08,B5,OK,N
AT364,C1363,A2363,3515.25,INACTIVE,SAVINGS,2025-04-06,B8,OK,N
AT365,C1364,A2364,25598.96,INACTIVE,SAVINGS,2021-10-17,B8,OK,Y
AT366,C1365,A2365,23799.01,PENDING,CURRENT,2021-01-07,B8,OK,Y
AT367,C1366,A2366,32819.8,PENDING,CURRENT,2020-02-14,B18,OK,Y
AT368,C1367,A2367,31457.89,PENDING,SAVINGS,2023-08-08,B16,OK,Y
AT369,C1368,A2368,46163.32,PENDING,CURRENT,2023-10-02,B4,OK,N
AT370,C1369,A2369,16079.16,INACTIVE,CURRENT,2024-05-23,B4,OK,Y
AT371,C1370,A2370,11927.46,PENDING,SAVINGS,2020-03-17,B9,OK,N
AT372,C1371,A2371,40789.49,INACTIVE,LOAN,2025-03-30,B14,OK,N
AT373,C1372,A2372,138.97,PENDING,SAVINGS,2023-12-26,B14,OK,Y
AT374,C1373,A2373,34527.6,ACTIVE,LOAN,2022-12-06,B2,OK,Y
AT375,C1374,A2374,4617.09,PENDING,SAVINGS,2024-03-22,B11,OK,Y
AT376,C1375,A2375,11806.44,ACTIVE,SAVINGS,2023-12-17,B6,,N
AT377,C1376,A2376,8581.67,ACTIVE,CURRENT,2024-03-19,B10,OK,N
AT378,C1377,A2377,33142.69,ACTIVE,CURRENT,2023-12-25,B9,OK,Y
AT379,C1378,A2378,34756.93,PENDING,LOAN,2023-05-02,B4,OK,Y
AT380,C1379,A2379,30034.49,ACTIVE,LOAN,2022-06-23,B6,OK,N
AT381,C1380,A2380,11425.62,PENDING,CURRENT,2024-11-28,B7,OK,N
AT382,C1381,A2381,30204.39,PENDING,CURRENT,2021-10-14,B4,OK,Y
AT383,C1382,A2382,3757.12,PENDING,SAVINGS,2022-06-01,B2,OK,N
AT384,C1383,A2383,4396.05,ACTIVE,CURRENT,2020-09-23,B17,OK,Y
AT385,C1384,A2384,32343.42,INACTIVE,SAVINGS,2023-11-29,B5,OK,Y
AT386,C1385,A2385,27127.1,INACTIVE,SAVINGS,2023-03-03,B18,OK,Y
AT387,C1386,A2386,1724.93,INACTIVE,SAVINGS,2025-04-21,B2,OK,Y
AT388,C1387,A2387,47821.46,ACTIVE,CURRENT,2021-03-22,B10,OK,Y
AT389,C1388,A2388,33129.42,PENDING,SAVINGS,2023-03-30,B5,OK,N
AT390,C1389,A2389,47484.35,INACTIVE,LOAN,2025-01-10,B5,OK,Y
AT391,C1390,A2390,700.61,PENDING,CURRENT,2021-10-29,B8,OK,Y
AT392,C1391,A2391,30453.9,PENDING,SAVINGS,2022-02-12,B15,OK,N
AT393,C1392,A2392,35327.84,ACTIVE,CURRENT,2021-09-25,B15,OK,N
AT394,C1393,A2393,35068.84,ACTIVE,CURRENT,2024-12-07,B10,OK,Y
AT395,C1394,A2394,23082.23,PENDING,SAVINGS,2021-02-13,B20,OK,Y
AT396,C1395,A2395,9345.66,PENDING,LOAN,2020-03-13,B18,OK,Y
AT397,C1396,A2396,20319.52,INACTIVE,CURRENT,2022-04-08,B19,OK,N
AT398,C1397,A2397,15991.1,ACTIVE,SAVINGS,2021-04-13,B16,OK,Y
AT399,C1398,A2398,6546.59,PENDING,LOAN,2020-12-02,B9,OK,N
AT400,C1399,A2399,38055.2,INACTIVE,SAVINGS,2022-10-16,B7,OK,N
AT401,C1400,A2400,,INACTIVE,LOAN,2022-10-11,B13,,Y
AT402,C1401,A2401,7514.44,INACTIVE,LOAN,2020-06-18,B1,OK,N
AT403,C1402,A2402,18772.21,ACTIVE,LOAN,2021-08-19,B13,OK,Y
AT404,C1403,A2403,27669.88,INACTIVE,LOAN,2024-01-19,B5,OK,Y
AT405,C1404,A2404,44022.92,INACTIVE,LOAN,2025-03-27,B20,OK,N
AT406,C1405,A2405,27253.31,INACTIVE,SAVINGS,2022-03-29,B17,OK,N
AT407,C1406,A2406,31017.91,INACTIVE,CURRENT,2025-05-01,B17,OK,Y
AT408,C1407,A2407,35535.96,INACTIVE,CURRENT,2021-12-04,B10,OK,Y
AT409,C1408,A2408,8152.76,INACTIVE,LOAN,2021-01-18,B20,OK,Y
AT410,C1409,A2409,19985.21,PENDING,SAVINGS,2024-04-19,B1,OK,Y
AT411,C1410,A2410,22367.12,PENDING,LOAN,2020-07-07,B8,OK,Y
AT412,C1411,A2411,44249.17,INACTIVE,LOAN,2020-04-06,B4,OK,Y
AT413,C1412,A2412,24834.86,PENDING,LOAN,2025-04-26,B11,OK,N
AT414,C1413,A2413,30374.04,ACTIVE,LOAN,2020-05-05,B20,OK,Y
AT415,C1414,A2414,36147.36,PENDING,SAVINGS,2021-03-01,B12,OK,N
AT416,C1415,A2415,28878.92,INACTIVE,LOAN,2022-02-09,B6,OK,Y
AT417,C1416,A2416,30944.64,INACTIVE,LOAN,2022-02-10,B11,OK,Y
AT418,C1417,A2417,25669.84,ACTIVE,CURRENT,2024-10-14,B17,OK,Y
AT419,C1418,A2418,12515.24,ACTIVE,CURRENT,2024-07-14,B20,OK,N
AT420,C1419,A2419,32171.6,PENDING,LOAN,2025-05-21,B7,OK,N
AT421,C1420,A2420,25829.24,ACTIVE,SAVINGS,2022-06-16,B12,OK,N
AT422,C1421,A2421,3902.87,INACTIVE,SAVINGS,2021-10-27,B12,OK,N
AT423,C1422,A2422,19514.2,INACTIVE,LOAN,2021-11-09,B16,OK,N
AT424,C1423,A2423,35478.25,PENDING,CURRENT,2022-02-10,B17,OK,Y
AT425,C1424,A2424,30215.82,ACTIVE,CURRENT,2021-08-18,B20,OK,N
AT426,C1425,A2425,39872.21,ACTIVE,CURRENT,2024-12-12,B11,,Y
AT427,C1426,A2426,7236.32,ACTIVE,SAVINGS,2025-06-05,B9,OK,N
AT428,C1427,A2427,24104.12,INACTIVE,SAVINGS,2022-08-13,B9,OK,N
AT429,C1428,A2428,15834.7,INACTIVE,SAVINGS,2022-07-15,B11,OK,N
AT430,C1429,A2429,26490.17,ACTIVE,LOAN,2024-12-10,B3,OK,N
AT431,C1430,A2430,49170.83,INACTIVE,CURRENT,2020-01-06,B18,OK,N
AT432,C1431,A2431,21262.34,PENDING,CURRENT,2024-01-13,B7,OK,N
AT433,C1432,A2432,25359.66,PENDING,SAVINGS,2021-12-12,B9,OK,N
AT434,C1433,A2433,8000.38,PENDING,CURRENT,2022-11-17,B13,OK,N
AT435,C1434,A2434,36624.52,ACTIVE,LOAN,2024-06-09,B5,OK,N
AT436,C1435,A2435,2035.16,PENDING,SAVINGS,2025-04-08,B13,OK,N
AT437,C1436,A2436,47597.94,ACTIVE,CURRENT,2024-01-31,B14,OK,N
AT438,C1437,A2437,20289.99,PENDING,LOAN,2023-07-16,B9,OK,N
AT439,C1438,A2438,15064.94,PENDING,SAVINGS,2022-07-05,B6,OK,Y
AT440,C1439,A2439,37979.46,ACTIVE,CURRENT,2021-01-04,B18,OK,Y
AT441,C1440,A2440,,PENDING,CURRENT,2023-04-27,B2,OK,N
AT442,C1441,A2441,15301.29,PENDING,LOAN,2023-05-04,B9,OK,Y
AT443,C1442,A2442,21539.31,PENDING,SAVINGS,2020-09-26,B11,OK,N
AT444,C1443,A2443,29055.89,ACTIVE,SAVINGS,2023-10-28,B4,OK,N
AT445,C1444,A2444,46054.8,PENDING,LOAN,2020-04-18,B10,OK,N
AT446,C1445,A2445,6755.13,ACTIVE,LOAN,2021-09-09,B13,OK,Y
AT447,C1446,A2446,24923.71,PENDING,CURRENT,2025-06-13,B2,OK,N
AT448,C1447,A2447,25743.79,PENDING,LOAN,2024-05-18,B11,OK,Y
AT449,C1448,A2448,29348.54,PENDING,CURRENT,2021-10-19,B17,OK,N
AT450,C1449,A2449,22929.48,PENDING,LOAN,2021-08-25,B5,OK,Y
AT451,C1450,A2450,45772.09,INACTIVE,CURRENT,2023-12-26,B6,,Y
AT452,C1451,A2451,3404.45,INACTIVE,SAVINGS,2022-07-17,B13,OK,N
AT453,C1452,A2452,41712.68,PENDING,SAVINGS,2023-06-11,B11,OK,N
AT454,C1453,A2453,19362.39,ACTIVE,SAVINGS,2020-12-22,B18,OK,Y
AT455,C1454,A2454,27090.04,ACTIVE,SAVINGS,2021-08-01,B7,OK,Y
AT456,C1455,A2455,6049.87,ACTIVE,LOAN,2021-01-18,B11,OK,N
AT457,C1456,A2456,33917.94,ACTIVE,LOAN,2022-11-14,B2,OK,Y
AT458,C1457,A2457,26662.45,ACTIVE,LOAN,2020-09-06,B17,OK,N
AT459,C1458,A2458,47266.38,ACTIVE,LOAN,2023-02-13,B8,OK,Y
AT460,C1459,A2459,28075.09,INACTIVE,LOAN,2022-09-01,B18,OK,Y
AT461,C1460,A2460,7089.59,PENDING,SAVINGS,2020-02-08,B11,OK,Y
AT462,C1461,A2461,38154.27,PENDING,CURRENT,2024-08-01,B5,OK,Y
AT463,C1462,A2462,1711.14,PENDING,SAVINGS,2020-11-02,B4,OK,Y
AT464,C1463,A2463,6491.27,PENDING,CURRENT,2021-12-25,B11,OK,Y
AT465,C1464,A2464,1480.09,INACTIVE,CURRENT,2025-02-13,B13,OK,Y
AT466,C1465,A2465,9075.69,PENDING,SAVINGS,2024-03-14,B3,OK,Y
AT467,C1466,A2466,40392.54,PENDING,LOAN,2020-07-30,B15,OK,Y
AT468,C1467,A2467,47252.83,PENDING,CURRENT,2024-10-28,B19,OK,Y
AT469,C1468,A2468,9340.66,PENDING,CURRENT,2025-01-20,B15,OK,Y
AT470,C1469,A2469,41990.65,PENDING,LOAN,2023-11-18,B8,OK,N
AT471,C1470,A2470,40196.78,PENDING,SAVINGS,2020-02-21,B11,OK,Y
AT472,C1471,A2471,13158.2,PENDING,LOAN,2022-03-05,B4,OK,N
AT473,C1472,A2472,46132.36,PENDING,SAVINGS,2023-12-18,B4,OK,Y
AT474,C1473,A2473,4026.71,ACTIVE,LOAN,2022-11-07,B4,OK,N
AT475,C1474,A2474,28598.05,ACTIVE,LOAN,2022-11-13,B20,OK,N
AT476,C1475,A2475,32795.27,ACTIVE,LOAN,2021-05-21,B16,,N
AT477,C1476,A2476,24243.32,INACTIVE,CURRENT,2021-10-01,B18,OK,Y
AT478,C1477,A2477,17154.03,PENDING,SAVINGS,2020-11-17,B13,OK,N
AT479,C1478,A2478,29676.02,INACTIVE,LOAN,2024-03-28,B14,OK,Y
AT480,C1479,A2479,40201.2,ACTIVE,CURRENT,2021-03-13,B10,OK,N
AT481,C1480,A2480,,PENDING,LOAN,2020-01-06,B14,OK,Y
AT482,C1481,A2481,19119.1,PENDING,LOAN,2020-10-04,B17,OK,N
AT483,C1482,A2482,19620.19,ACTIVE,LOAN,2025-01-14,B10,OK,Y
AT484,C1483,A2483,16150.39,INACTIVE,CURRENT,2023-01-14,B20,OK,Y
AT485,C1484,A2484,36298.54,INACTIVE,LOAN,2020-06-05,B1,OK,Y
AT486,C1485,A2485,9382.5,INACTIVE,CURRENT,2022-02-14,B13,OK,Y
AT487,C1486,A2486,48899.56,ACTIVE,LOAN,2023-03-03,B14,OK,Y
AT488,C1487,A2487,48793.3,PENDING,LOAN,2021-10-12,B8,OK,Y
AT489,C1488,A2488,35602.1,INACTIVE,CURRENT,2023-12-26,B6,OK,N
AT490,C1489,A2489,33655.9,PENDING,SAVINGS,2024-06-05,B14,OK,Y
AT491,C1490,A2490,31843.91,ACTIVE,CURRENT,2024-10-17,B4,OK,N
AT492,C1491,A2491,45451.66,ACTIVE,SAVINGS,2022-05-15,B18,OK,Y
AT493,C1492,A2492,5908.89,ACTIVE,SAVINGS,2021-03-07,B12,OK,Y
AT494,C1493,A2493,4366.97,PENDING,SAVINGS,2023-08-13,B5,OK,Y
AT495,C1494,A2494,39986.17,INACTIVE,SAVINGS,2021-06-22,B6,OK,N
AT496,C1495,A2495,1841.07,ACTIVE,CURRENT,2023-01-03,B4,OK,N
AT497,C1496,A2496,4442.81,ACTIVE,LOAN,2024-10-24,B19,OK,N
AT498,C1497,A2497,8015.88,INACTIVE,CURRENT,2020-12-17,B3,OK,Y
AT499,C1498,A2498,49577.36,INACTIVE,SAVINGS,2024-02-20,B7,OK,N
AT500,C1499,A2499,27917.62,ACTIVE,CURRENT,2023-12-17,B17,OK,N
