branch_id,customer_id,account_id,amount,status,type,date,branch,remarks,flag
BR1,C1000,A2000,,PENDING,CURRENT,2021-12-14,B10,,N
BR2,C1001,A2001,34922.56,PENDING,CURRENT,2023-04-05,B17,OK,N
BR3,C1002,A2002,47122.5,ACTIVE,LOAN,2021-12-11,B11,OK,N
BR4,C1003,A2003,3211.45,ACTIVE,SAVINGS,2020-03-11,B3,OK,Y
BR5,C1004,A2004,19624.17,INACTIVE,SAVINGS,2020-07-29,B8,OK,Y
BR6,C1005,A2005,28895.81,ACTIVE,CURRENT,2025-05-28,B8,OK,N
BR7,C1006,A2006,5799.4,INACTIVE,SAVINGS,2021-06-11,B17,OK,Y
BR8,C1007,A2007,9772.3,ACTIVE,CURRENT,2021-05-30,B14,OK,Y
BR9,C1008,A2008,28124.52,INACTIVE,LOAN,2020-02-08,B17,OK,N
BR10,C1009,A2009,18157.2,INACTIVE,SAVINGS,2023-06-28,B13,OK,N
BR11,C1010,A2010,13950.2,INACTIVE,LOAN,2024-08-31,B15,OK,Y
BR12,C1011,A2011,35280.69,INACTIVE,CURRENT,2023-11-17,B12,OK,N
BR13,C1012,A2012,47431.25,ACTIVE,CURRENT,2023-11-08,B1,OK,N
BR14,C1013,A2013,46706.45,PENDING,LOAN,2024-02-10,B3,OK,N
BR15,C1014,A2014,44943.19,PENDING,CURRENT,2025-02-08,B7,OK,N
BR16,C1015,A2015,25423.02,PENDING,CURRENT,2021-02-11,B9,OK,N
BR17,C1016,A2016,33659.99,ACTIVE,SAVINGS,2023-01-28,B8,OK,N
BR18,C1017,A2017,32084.55,ACTIVE,SAVINGS,2022-10-30,B5,OK,Y
BR19,C1018,A2018,28066.05,INACTIVE,SAVINGS,2020-10-03,B5,OK,Y
BR20,C1019,A2019,40072.53,ACTIVE,CURRENT,2022-08-01,B11,OK,N
BR21,C1020,A2020,4259.93,PENDING,SAVINGS,2021-05-11,B15,OK,Y
BR22,C1021,A2021,41751.52,PENDING,LOAN,2025-02-05,B10,OK,Y
BR23,C1022,A2022,45143.95,ACTIVE,CURRENT,2023-01-31,B13,OK,Y
BR24,C1023,A2023,20573.22,ACTIVE,LOAN,2023-05-01,B20,OK,N
BR25,C1024,A2024,27334.05,PENDING,SAVINGS,2021-07-27,B2,OK,N
BR26,C1025,A2025,10276.73,PENDING,CURRENT,2022-06-06,B8,,N
BR27,C1026,A2026,11442.21,ACTIVE,SAVINGS,2021-10-04,B7,OK,Y
BR28,C1027,A2027,30300.86,INACTIVE,CURRENT,2021-09-04,B17,OK,N
BR29,C1028,A2028,18135.35,ACTIVE,LOAN,2022-05-24,B18,OK,Y
BR30,C1029,A2029,5539.71,PENDING,LOAN,2022-02-07,B16,OK,N
BR31,C1030,A2030,36424.04,ACTIVE,SAVINGS,2020-04-07,B20,OK,N
BR32,C1031,A2031,7246.18,PENDING,CURRENT,2020-12-27,B16,OK,Y
BR33,C1032,A2032,27556.87,ACTIVE,SAVINGS,2024-05-14,B5,OK,Y
BR34,C1033,A2033,46221.16,ACTIVE,SAVINGS,2022-08-13,B13,OK,N
BR35,C1034,A2034,31543.16,PENDING,CURRENT,2021-09-13,B18,OK,N
BR36,C1035,A2035,22755.17,PENDING,SAVINGS,2025-03-13,B17,OK,N
BR37,C1036,A2036,43710.13,INACTIVE,CURRENT,2021-10-04,B18,OK,N
BR38,C1037,A2037,43907.0,PENDING,SAVINGS,2020-04-26,B3,OK,Y
BR39,C1038,A2038,44293.18,INACTIVE,CURRENT,2024-10-17,B2,OK,N
BR40,C1039,A2039,24232.77,INACTIVE,CURRENT,2022-10-31,B16,OK,N
BR41,C1040,A2040,,PENDING,SAVINGS,2022-10-01,B8,OK,Y
BR42,C1041,A2041,33942.83,INACTIVE,CURRENT,2024-03-29,B5,OK,N
BR43,C1042,A2042,12741.66,PENDING,LOAN,2022-03-19,B14,OK,N
BR44,C1043,A2043,13991.76,INACTIVE,CURRENT,2024-11-27,B19,OK,Y
BR45,C1044,A2044,17990.11,INACTIVE,CURRENT,2020-06-04,B6,OK,N
BR46,C1045,A2045,15918.74,PENDING,CURRENT,2023-10-19,B11,OK,N
BR47,C1046,A2046,33954.31,INACTIVE,SAVINGS,2021-02-09,B17,OK,N
BR48,C1047,A2047,23330.33,INACTIVE,LOAN,2022-03-07,B17,OK,Y
BR49,C1048,A2048,39305.1,PENDING,SAVINGS,2023-04-14,B7,OK,Y
BR50,C1049,A2049,25915.61,INACTIVE,SAVINGS,2020-04-22,B7,OK,N
BR51,C1050,A2050,8491.45,PENDING,CURRENT,2020-03-01,B5,,N
BR52,C1051,A2051,33542.39,ACTIVE,SAVINGS,2023-01-01,B10,OK,Y
BR53,C1052,A2052,3477.21,INACTIVE,LOAN,2025-02-24,B8,OK,N
BR54,C1053,A2053,6775.25,PENDING,CURRENT,2024-02-03,B13,OK,Y
BR55,C1054,A2054,43082.48,ACTIVE,LOAN,2020-02-20,B1,OK,N
BR56,C1055,A2055,3860.13,PENDING,CURRENT,2025-04-11,B19,OK,Y
BR57,C1056,A2056,17073.86,INACTIVE,CURRENT,2022-12-06,B11,OK,Y
BR58,C1057,A2057,27368.14,ACTIVE,SAVINGS,2025-06-09,B16,OK,N
BR59,C1058,A2058,37063.62,INACTIVE,LOAN,2022-08-23,B12,OK,Y
BR60,C1059,A2059,39613.4,INACTIVE,CURRENT,2022-12-29,B7,OK,N
BR61,C1060,A2060,29658.47,ACTIVE,LOAN,2023-01-04,B17,OK,Y
BR62,C1061,A2061,14783.88,ACTIVE,LOAN,2021-07-28,B8,OK,Y
BR63,C1062,A2062,18900.27,ACTIVE,SAVINGS,2022-01-12,B7,OK,N
BR64,C1063,A2063,15304.15,ACTIVE,LOAN,2023-02-19,B20,OK,N
BR65,C1064,A2064,19561.87,PENDING,LOAN,2020-01-11,B14,OK,Y
BR66,C1065,A2065,25336.79,INACTIVE,CURRENT,2024-02-10,B1,OK,N
BR67,C1066,A2066,40183.63,PENDING,LOAN,2020-09-25,B8,OK,Y
BR68,C1067,A2067,47177.45,PENDING,LOAN,2020-06-30,B20,OK,Y
BR69,C1068,A2068,37495.03,INACTIVE,LOAN,2024-05-22,B18,OK,N
BR70,C1069,A2069,18843.57,PENDING,LOAN,2022-12-26,B16,OK,Y
BR71,C1070,A2070,42776.07,PENDING,CURRENT,2020-05-20,B11,OK,Y
BR72,C1071,A2071,14033.52,PENDING,SAVINGS,2023-09-25,B17,OK,Y
BR73,C1072,A2072,33625.07,PENDING,SAVINGS,2023-07-07,B1,OK,Y
BR74,C1073,A2073,30931.66,PENDING,CURRENT,2021-05-19,B1,OK,N
BR75,C1074,A2074,46827.62,PENDING,CURRENT,2020-10-05,B11,OK,Y
BR76,C1075,A2075,4408.97,ACTIVE,CURRENT,2022-02-11,B16,,Y
BR77,C1076,A2076,21261.78,INACTIVE,CURRENT,2024-05-06,B14,OK,Y
BR78,C1077,A2077,18267.07,ACTIVE,LOAN,2020-09-04,B2,OK,N
BR79,C1078,A2078,13587.13,PENDING,CURRENT,2023-12-12,B7,OK,Y
BR80,C1079,A2079,8730.92,PENDING,SAVINGS,2022-08-22,B17,OK,N
BR81,C1080,A2080,,PENDING,SAVINGS,2020-06-01,B13,OK,N
BR82,C1081,A2081,41984.04,ACTIVE,CURRENT,2023-10-22,B15,OK,Y
BR83,C1082,A2082,12710.35,PENDING,LOAN,2024-06-27,B12,OK,Y
BR84,C1083,A2083,20106.04,ACTIVE,LOAN,2023-01-28,B16,OK,Y
BR85,C1084,A2084,42673.32,INACTIVE,LOAN,2024-12-16,B14,OK,N
BR86,C1085,A2085,17639.33,ACTIVE,SAVINGS,2022-01-17,B3,OK,Y
BR87,C1086,A2086,1851.46,INACTIVE,LOAN,2024-10-20,B6,OK,Y
BR88,C1087,A2087,10120.3,PENDING,CURRENT,2025-02-21,B13,OK,N
BR89,C1088,A2088,33555.44,INACTIVE,SAVINGS,2023-04-15,B13,OK,N
BR90,C1089,A2089,7284.8,PENDING,LOAN,2020-09-04,B8,OK,N
BR91,C1090,A2090,31662.52,PENDING,CURRENT,2021-12-14,B8,OK,Y
BR92,C1091,A2091,8942.09,INACTIVE,CURRENT,2021-04-27,B8,OK,N
BR93,C1092,A2092,7774.62,ACTIVE,CURRENT,2020-10-26,B19,OK,N
BR94,C1093,A2093,30119.39,INACTIVE,SAVINGS,2020-04-17,B9,OK,N
BR95,C1094,A2094,14730.31,ACTIVE,SAVINGS,2024-02-13,B19,OK,N
BR96,C1095,A2095,33433.05,ACTIVE,SAVINGS,2023-07-18,B10,OK,N
BR97,C1096,A2096,13787.65,INACTIVE,CURRENT,2021-11-18,B14,OK,N
BR98,C1097,A2097,348.49,PENDING,LOAN,2021-09-06,B2,OK,N
BR99,C1098,A2098,32078.6,ACTIVE,LOAN,2021-08-24,B4,OK,N
BR100,C1099,A2099,24177.65,INACTIVE,SAVINGS,2022-09-30,B4,OK,Y
BR101,C1100,A2100,28662.62,INACTIVE,CURRENT,2025-04-24,B8,,N
BR102,C1101,A2101,37487.4,INACTIVE,SAVINGS,2021-08-20,B15,OK,Y
BR103,C1102,A2102,32070.68,PENDING,LOAN,2022-06-27,B6,OK,N
BR104,C1103,A2103,15024.96,PENDING,LOAN,2021-07-05,B7,OK,Y
BR105,C1104,A2104,34153.64,ACTIVE,CURRENT,2025-06-21,B1,OK,N
BR106,C1105,A2105,28877.51,PENDING,CURRENT,2021-09-18,B8,OK,N
BR107,C1106,A2106,7370.8,ACTIVE,LOAN,2022-04-29,B15,OK,N
BR108,C1107,A2107,6349.02,INACTIVE,CURRENT,2024-10-27,B9,OK,N
BR109,C1108,A2108,30099.39,PENDING,CURRENT,2025-05-09,B14,OK,N
BR110,C1109,A2109,7129.6,INACTIVE,SAVINGS,2022-10-26,B20,OK,N
BR111,C1110,A2110,5571.3,ACTIVE,CURRENT,2024-12-22,B1,OK,Y
BR112,C1111,A2111,45448.5,INACTIVE,LOAN,2024-01-31,B20,OK,Y
BR113,C1112,A2112,17107.93,INACTIVE,LOAN,2022-09-18,B6,OK,Y
BR114,C1113,A2113,34851.9,ACTIVE,LOAN,2023-08-13,B16,OK,Y
BR115,C1114,A2114,3428.42,PENDING,CURRENT,2024-02-06,B16,OK,N
BR116,C1115,A2115,27449.22,INACTIVE,CURRENT,2021-01-08,B7,OK,N
BR117,C1116,A2116,24796.58,PENDING,CURRENT,2024-11-17,B11,OK,Y
BR118,C1117,A2117,16115.73,INACTIVE,SAVINGS,2023-12-22,B12,OK,N
BR119,C1118,A2118,34679.49,ACTIVE,CURRENT,2022-11-28,B7,OK,N
BR120,C1119,A2119,6744.44,PENDING,CURRENT,2021-10-13,B17,OK,Y
BR121,C1120,A2120,,PENDING,SAVINGS,2021-03-05,B12,OK,N
BR122,C1121,A2121,36144.04,ACTIVE,LOAN,2020-04-07,B20,OK,Y
BR123,C1122,A2122,33362.76,INACTIVE,SAVINGS,2021-05-28,B17,OK,N
BR124,C1123,A2123,26132.6,PENDING,LOAN,2025-05-30,B6,OK,N
BR125,C1124,A2124,32772.99,PENDING,SAVINGS,2024-05-23,B4,OK,N
BR126,C1125,A2125,6351.86,ACTIVE,SAVINGS,2024-03-08,B15,,Y
BR127,C1126,A2126,10789.84,ACTIVE,SAVINGS,2021-01-09,B10,OK,N
BR128,C1127,A2127,41228.88,PENDING,LOAN,2022-06-20,B15,OK,N
BR129,C1128,A2128,31103.98,PENDING,CURRENT,2021-08-19,B11,OK,Y
BR130,C1129,A2129,31476.16,INACTIVE,SAVINGS,2022-07-07,B12,OK,Y
BR131,C1130,A2130,32583.93,INACTIVE,CURRENT,2022-11-26,B13,OK,N
BR132,C1131,A2131,24542.15,ACTIVE,CURRENT,2021-03-12,B9,OK,N
BR133,C1132,A2132,44318.83,ACTIVE,SAVINGS,2021-04-21,B19,OK,Y
BR134,C1133,A2133,24337.83,ACTIVE,CURRENT,2024-01-23,B18,OK,Y
BR135,C1134,A2134,30201.11,PENDING,LOAN,2020-12-19,B10,OK,N
BR136,C1135,A2135,1222.92,INACTIVE,CURRENT,2024-03-19,B15,OK,N
BR137,C1136,A2136,34439.22,PENDING,CURRENT,2021-08-09,B20,OK,N
BR138,C1137,A2137,34143.67,ACTIVE,LOAN,2024-08-19,B17,OK,Y
BR139,C1138,A2138,24136.58,INACTIVE,LOAN,2022-10-09,B17,OK,Y
BR140,C1139,A2139,17856.71,PENDING,CURRENT,2024-04-17,B17,OK,Y
BR141,C1140,A2140,3169.06,INACTIVE,SAVINGS,2025-02-12,B20,OK,Y
BR142,C1141,A2141,6723.05,ACTIVE,LOAN,2020-12-21,B9,OK,Y
BR143,C1142,A2142,6676.41,PENDING,SAVINGS,2023-01-28,B18,OK,Y
BR144,C1143,A2143,8478.2,ACTIVE,LOAN,2023-02-19,B8,OK,N
BR145,C1144,A2144,18873.87,ACTIVE,CURRENT,2021-05-02,B14,OK,N
BR146,C1145,A2145,36317.42,PENDING,SAVINGS,2022-09-21,B10,OK,Y
BR147,C1146,A2146,4929.78,INACTIVE,LOAN,2024-06-14,B19,OK,Y
BR148,C1147,A2147,38494.98,ACTIVE,CURRENT,2021-10-04,B12,OK,Y
BR149,C1148,A2148,38169.53,ACTIVE,SAVINGS,2025-01-17,B3,OK,N
BR150,C1149,A2149,1361.89,ACTIVE,CURRENT,2020-05-21,B18,OK,N
BR151,C1150,A2150,49661.98,INACTIVE,SAVINGS,2024-11-26,B6,,N
BR152,C1151,A2151,35785.54,INACTIVE,SAVINGS,2021-01-16,B13,OK,N
BR153,C1152,A2152,10178.73,ACTIVE,CURRENT,2023-08-13,B18,OK,Y
BR154,C1153,A2153,34011.36,PENDING,SAVINGS,2023-02-06,B10,OK,Y
BR155,C1154,A2154,29585.79,PENDING,LOAN,2024-10-25,B17,OK,N
BR156,C1155,A2155,44476.87,PENDING,CURRENT,2024-04-24,B2,OK,N
BR157,C1156,A2156,19904.29,PENDING,CURRENT,2020-11-11,B18,OK,Y
BR158,C1157,A2157,43800.57,INACTIVE,CURRENT,2023-09-10,B2,OK,N
BR159,C1158,A2158,36307.74,PENDING,LOAN,2022-04-07,B17,OK,Y
BR160,C1159,A2159,25420.13,INACTIVE,LOAN,2024-03-07,B4,OK,Y
BR161,C1160,A2160,,PENDING,SAVINGS,2020-10-22,B1,OK,Y
BR162,C1161,A2161,161.77,PENDING,CURRENT,2021-07-23,B1,OK,Y
BR163,C1162,A2162,33866.86,PENDING,LOAN,2022-02-11,B6,OK,N
BR164,C1163,A2163,34268.04,INACTIVE,CURRENT,2020-12-19,B10,OK,N
BR165,C1164,A2164,34717.9,ACTIVE,LOAN,2022-10-16,B12,OK,Y
BR166,C1165,A2165,12851.13,PENDING,SAVINGS,2021-12-02,B7,OK,N
BR167,C1166,A2166,49432.6,INACTIVE,CURRENT,2024-04-10,B16,OK,Y
BR168,C1167,A2167,10520.71,ACTIVE,CURRENT,2024-09-18,B16,OK,Y
BR169,C1168,A2168,39622.92,PENDING,LOAN,2022-06-14,B9,OK,Y
BR170,C1169,A2169,27674.36,ACTIVE,CURRENT,2023-03-24,B10,OK,Y
BR171,C1170,A2170,35363.87,INACTIVE,SAVINGS,2021-01-24,B2,OK,Y
BR172,C1171,A2171,32224.87,ACTIVE,CURRENT,2022-04-12,B8,OK,Y
BR173,C1172,A2172,36.26,INACTIVE,LOAN,2023-03-15,B2,OK,N
BR174,C1173,A2173,25232.56,PENDING,LOAN,2024-11-09,B5,OK,Y
BR175,C1174,A2174,11309.38,PENDING,LOAN,2020-06-28,B6,OK,N
BR176,C1175,A2175,21902.94,PENDING,CURRENT,2024-11-14,B1,,N
BR177,C1176,A2176,3037.2,INACTIVE,LOAN,2024-01-25,B19,OK,N
BR178,C1177,A2177,47522.81,PENDING,SAVINGS,2022-03-06,B6,OK,N
BR179,C1178,A2178,16214.49,ACTIVE,LOAN,2024-01-10,B16,OK,N
BR180,C1179,A2179,36967.19,INACTIVE,CURRENT,2024-02-11,B6,OK,N
BR181,C1180,A2180,40132.73,INACTIVE,CURRENT,2023-06-21,B5,OK,N
BR182,C1181,A2181,3664.69,ACTIVE,SAVINGS,2020-08-11,B17,OK,Y
BR183,C1182,A2182,13471.33,INACTIVE,SAVINGS,2024-08-16,B1,OK,Y
BR184,C1183,A2183,19825.82,INACTIVE,SAVINGS,2022-07-09,B5,OK,N
BR185,C1184,A2184,26897.99,ACTIVE,LOAN,2020-11-19,B6,OK,Y
BR186,C1185,A2185,46982.37,PENDING,SAVINGS,2023-11-30,B4,OK,Y
BR187,C1186,A2186,44737.12,PENDING,SAVINGS,2024-04-20,B16,OK,Y
BR188,C1187,A2187,35910.66,INACTIVE,LOAN,2020-10-15,B1,OK,Y
BR189,C1188,A2188,16400.83,PENDING,SAVINGS,2023-05-15,B6,OK,N
BR190,C1189,A2189,33135.47,ACTIVE,CURRENT,2024-05-04,B6,OK,N
BR191,C1190,A2190,49638.15,INACTIVE,SAVINGS,2022-11-03,B4,OK,Y
BR192,C1191,A2191,48783.29,ACTIVE,CURRENT,2025-01-25,B2,OK,Y
BR193,C1192,A2192,41084.23,PENDING,CURRENT,2024-08-12,B11,OK,N
BR194,C1193,A2193,17025.89,INACTIVE,SAVINGS,2021-08-18,B20,OK,N
BR195,C1194,A2194,19822.97,ACTIVE,LOAN,2021-12-09,B3,OK,N
BR196,C1195,A2195,43390.46,ACTIVE,CURRENT,2023-09-06,B10,OK,Y
BR197,C1196,A2196,27458.04,INACTIVE,LOAN,2022-12-10,B9,OK,Y
BR198,C1197,A2197,23240.62,ACTIVE,LOAN,2024-08-05,B15,OK,Y
BR199,C1198,A2198,21361.82,INACTIVE,LOAN,2021-07-28,B2,OK,Y
BR200,C1199,A2199,10600.99,INACTIVE,SAVINGS,2025-02-19,B15,OK,N
BR201,C1200,A2200,,INACTIVE,CURRENT,2021-08-21,B17,,Y
BR202,C1201,A2201,13390.33,INACTIVE,SAVINGS,2023-09-09,B3,OK,Y
BR203,C1202,A2202,32696.82,PENDING,CURRENT,2023-04-10,B20,OK,Y
BR204,C1203,A2203,15142.4,INACTIVE,LOAN,2025-02-03,B11,OK,Y
BR205,C1204,A2204,4555.62,PENDING,SAVINGS,2020-11-08,B12,OK,Y
BR206,C1205,A2205,5055.48,PENDING,LOAN,2023-06-13,B20,OK,N
BR207,C1206,A2206,47783.16,PENDING,LOAN,2025-04-22,B19,OK,Y
BR208,C1207,A2207,47313.54,ACTIVE,CURRENT,2024-11-05,B5,OK,Y
BR209,C1208,A2208,6275.71,ACTIVE,SAVINGS,2020-10-13,B7,OK,N
BR210,C1209,A2209,12983.8,INACTIVE,LOAN,2024-08-21,B17,OK,Y
BR211,C1210,A2210,17190.88,PENDING,SAVINGS,2021-02-25,B7,OK,N
BR212,C1211,A2211,26135.26,ACTIVE,LOAN,2022-09-03,B4,OK,Y
BR213,C1212,A2212,35115.43,PENDING,CURRENT,2024-05-27,B10,OK,N
BR214,C1213,A2213,32946.48,ACTIVE,SAVINGS,2021-04-24,B10,OK,Y
BR215,C1214,A2214,43560.68,PENDING,LOAN,2025-02-17,B11,OK,Y
BR216,C1215,A2215,46432.13,ACTIVE,SAVINGS,2023-10-02,B6,OK,N
BR217,C1216,A2216,7153.1,INACTIVE,SAVINGS,2021-12-17,B4,OK,Y
BR218,C1217,A2217,31839.87,ACTIVE,LOAN,2023-05-25,B5,OK,N
BR219,C1218,A2218,38257.31,INACTIVE,SAVINGS,2024-12-31,B11,OK,N
BR220,C1219,A2219,47028.66,PENDING,CURRENT,2020-06-24,B2,OK,N
BR221,C1220,A2220,43692.21,PENDING,CURRENT,2021-07-02,B9,OK,Y
BR222,C1221,A2221,7602.91,ACTIVE,SAVINGS,2022-06-19,B14,OK,Y
BR223,C1222,A2222,12498.35,INACTIVE,LOAN,2022-02-07,B8,OK,Y
BR224,C1223,A2223,12423.0,PENDING,CURRENT,2022-05-01,B11,OK,Y
BR225,C1224,A2224,5133.22,ACTIVE,CURRENT,2022-03-07,B4,OK,N
BR226,C1225,A2225,9783.03,ACTIVE,LOAN,2024-07-08,B16,,Y
BR227,C1226,A2226,35862.68,PENDING,LOAN,2024-06-15,B2,OK,Y
BR228,C1227,A2227,43063.93,PENDING,LOAN,2023-01-05,B12,OK,N
BR229,C1228,A2228,4712.83,INACTIVE,LOAN,2021-12-04,B1,OK,N
BR230,C1229,A2229,1118.09,ACTIVE,SAVINGS,2023-03-02,B18,OK,Y
BR231,C1230,A2230,41349.04,PENDING,LOAN,2021-07-01,B8,OK,Y
BR232,C1231,A2231,36753.2,PENDING,SAVINGS,2022-05-12,B18,OK,Y
BR233,C1232,A2232,25519.37,PENDING,CURRENT,2023-05-10,B18,OK,Y
BR234,C1233,A2233,1023.31,INACTIVE,LOAN,2022-03-16,B4,OK,Y
BR235,C1234,A2234,34148.33,PENDING,LOAN,2023-05-04,B17,OK,N
BR236,C1235,A2235,18443.33,ACTIVE,SAVINGS,2022-01-21,B15,OK,Y
BR237,C1236,A2236,38141.75,PENDING,CURRENT,2023-04-06,B16,OK,N
BR238,C1237,A2237,4844.52,ACTIVE,LOAN,2025-01-06,B7,OK,Y
BR239,C1238,A2238,15296.4,INACTIVE,SAVINGS,2020-01-13,B18,OK,N
BR240,C1239,A2239,40792.74,ACTIVE,SAVINGS,2022-02-15,B18,OK,N
BR241,C1240,A2240,,PENDING,LOAN,2021-08-23,B8,OK,N
BR242,C1241,A2241,8527.55,INACTIVE,LOAN,2023-08-17,B19,OK,Y
BR243,C1242,A2242,41619.34,INACTIVE,SAVINGS,2024-10-01,B16,OK,N
BR244,C1243,A2243,5688.36,INACTIVE,SAVINGS,2024-05-18,B8,OK,Y
BR245,C1244,A2244,44960.93,ACTIVE,CURRENT,2024-02-13,B13,OK,N
BR246,C1245,A2245,29959.7,ACTIVE,SAVINGS,2020-09-19,B18,OK,N
BR247,C1246,A2246,696.85,ACTIVE,LOAN,2020-04-18,B4,OK,Y
BR248,C1247,A2247,1635.26,INACTIVE,CURRENT,2024-01-26,B17,OK,N
BR249,C1248,A2248,48565.11,ACTIVE,SAVINGS,2025-04-16,B19,OK,N
BR250,C1249,A2249,17063.1,INACTIVE,LOAN,2023-12-23,B12,OK,Y
BR251,C1250,A2250,26197.89,ACTIVE,CURRENT,2022-05-08,B1,,Y
BR252,C1251,A2251,46966.72,ACTIVE,LOAN,2023-02-18,B15,OK,N
BR253,C1252,A2252,5821.43,ACTIVE,LOAN,2020-05-21,B9,OK,Y
BR254,C1253,A2253,33413.96,PENDING,SAVINGS,2020-04-07,B5,OK,Y
BR255,C1254,A2254,41974.89,ACTIVE,LOAN,2021-01-28,B10,OK,Y
BR256,C1255,A2255,14345.94,PENDING,LOAN,2022-05-29,B20,OK,N
BR257,C1256,A2256,41766.74,INACTIVE,CURRENT,2020-01-06,B12,OK,N
BR258,C1257,A2257,5920.04,ACTIVE,LOAN,2021-05-22,B6,OK,Y
BR259,C1258,A2258,42136.88,INACTIVE,LOAN,2024-02-13,B5,OK,N
BR260,C1259,A2259,7370.34,INACTIVE,LOAN,2025-03-05,B12,OK,N
BR261,C1260,A2260,49460.07,PENDING,SAVINGS,2023-07-18,B9,OK,Y
BR262,C1261,A2261,15672.88,ACTIVE,LOAN,2023-06-13,B15,OK,N
BR263,C1262,A2262,36347.34,INACTIVE,LOAN,2023-07-29,B11,OK,Y
BR264,C1263,A2263,54.29,PENDING,LOAN,2022-11-13,B14,OK,Y
BR265,C1264,A2264,32400.2,ACTIVE,SAVINGS,2020-04-26,B4,OK,Y
BR266,C1265,A2265,5447.07,ACTIVE,LOAN,2022-04-26,B20,OK,N
BR267,C1266,A2266,2649.86,PENDING,CURRENT,2020-04-28,B6,OK,N
BR268,C1267,A2267,40625.9,PENDING,LOAN,2020-11-19,B19,OK,N
BR269,C1268,A2268,37939.88,ACTIVE,LOAN,2023-10-28,B2,OK,Y
BR270,C1269,A2269,33114.52,INACTIVE,LOAN,2021-08-18,B16,OK,N
BR271,C1270,A2270,22577.91,ACTIVE,LOAN,2023-06-24,B20,OK,Y
BR272,C1271,A2271,10343.63,INACTIVE,CURRENT,2025-02-11,B19,OK,Y
BR273,C1272,A2272,25738.16,ACTIVE,CURRENT,2021-09-07,B5,OK,Y
BR274,C1273,A2273,757.91,PENDING,CURRENT,2022-06-11,B12,OK,N
BR275,C1274,A2274,19253.96,ACTIVE,LOAN,2022-03-04,B7,OK,N
BR276,C1275,A2275,2894.28,INACTIVE,CURRENT,2021-06-14,B2,,Y
BR277,C1276,A2276,18962.21,ACTIVE,LOAN,2023-12-21,B8,OK,N
BR278,C1277,A2277,41761.34,PENDING,LOAN,2025-06-13,B11,OK,Y
BR279,C1278,A2278,44150.83,ACTIVE,CURRENT,2020-09-02,B5,OK,Y
BR280,C1279,A2279,43814.97,PENDING,LOAN,2021-07-26,B10,OK,Y
BR281,C1280,A2280,,PENDING,SAVINGS,2023-06-29,B20,OK,Y
BR282,C1281,A2281,34259.2,INACTIVE,LOAN,2020-08-12,B12,OK,N
BR283,C1282,A2282,25408.62,ACTIVE,SAVINGS,2023-10-22,B4,OK,N
BR284,C1283,A2283,30632.28,INACTIVE,SAVINGS,2022-11-25,B1,OK,Y
BR285,C1284,A2284,5412.77,PENDING,SAVINGS,2020-12-21,B16,OK,N
BR286,C1285,A2285,13211.05,PENDING,CURRENT,2023-05-10,B10,OK,N
BR287,C1286,A2286,47488.2,PENDING,CURRENT,2024-12-11,B1,OK,N
BR288,C1287,A2287,18240.95,INACTIVE,SAVINGS,2024-06-28,B17,OK,N
BR289,C1288,A2288,17521.7,PENDING,LOAN,2020-02-05,B3,OK,N
BR290,C1289,A2289,18143.56,INACTIVE,CURRENT,2021-04-19,B11,OK,Y
BR291,C1290,A2290,37010.79,PENDING,CURRENT,2020-11-20,B4,OK,Y
BR292,C1291,A2291,28238.12,PENDING,CURRENT,2020-12-27,B5,OK,Y
BR293,C1292,A2292,32832.99,ACTIVE,SAVINGS,2021-08-31,B3,OK,Y
BR294,C1293,A2293,28119.74,ACTIVE,SAVINGS,2023-06-14,B11,OK,N
BR295,C1294,A2294,31150.17,INACTIVE,LOAN,2024-05-24,B16,OK,N
BR296,C1295,A2295,18130.12,PENDING,CURRENT,2021-07-16,B17,OK,Y
BR297,C1296,A2296,16032.46,ACTIVE,SAVINGS,2021-09-02,B18,OK,Y
BR298,C1297,A2297,45195.95,INACTIVE,CURRENT,2021-02-06,B19,OK,N
BR299,C1298,A2298,10083.08,PENDING,LOAN,2023-12-10,B6,OK,Y
BR300,C1299,A2299,22756.1,ACTIVE,SAVINGS,2024-07-30,B19,OK,Y
BR301,C1300,A2300,41725.24,PENDING,CURRENT,2021-05-14,B7,,Y
BR302,C1301,A2301,9471.41,PENDING,LOAN,2024-04-08,B1,OK,N
BR303,C1302,A2302,4008.74,PENDING,LOAN,2023-12-20,B20,OK,N
BR304,C1303,A2303,26404.59,ACTIVE,LOAN,2025-05-29,B1,OK,Y
BR305,C1304,A2304,13965.63,PENDING,SAVINGS,2022-05-18,B7,OK,N
BR306,C1305,A2305,19575.51,PENDING,CURRENT,2023-11-16,B20,OK,Y
BR307,C1306,A2306,39881.15,INACTIVE,CURRENT,2020-12-26,B15,OK,N
BR308,C1307,A2307,34993.57,PENDING,SAVINGS,2025-04-21,B1,OK,N
BR309,C1308,A2308,46934.39,INACTIVE,SAVINGS,2022-06-12,B13,OK,N
BR310,C1309,A2309,4899.71,ACTIVE,CURRENT,2020-06-27,B1,OK,Y
BR311,C1310,A2310,28408.83,ACTIVE,SAVINGS,2023-12-07,B10,OK,N
BR312,C1311,A2311,5720.06,INACTIVE,SAVINGS,2021-01-23,B7,OK,N
BR313,C1312,A2312,25607.51,INACTIVE,CURRENT,2021-07-02,B16,OK,Y
BR314,C1313,A2313,35168.75,PENDING,CURRENT,2022-08-22,B16,OK,Y
BR315,C1314,A2314,27331.09,ACTIVE,LOAN,2023-10-12,B9,OK,N
BR316,C1315,A2315,7282.79,INACTIVE,SAVINGS,2020-08-28,B19,OK,Y
BR317,C1316,A2316,31776.27,PENDING,CURRENT,2021-02-18,B10,OK,N
BR318,C1317,A2317,41687.66,INACTIVE,LOAN,2020-12-11,B18,OK,N
BR319,C1318,A2318,35714.47,ACTIVE,LOAN,2020-02-18,B13,OK,Y
BR320,C1319,A2319,36378.08,ACTIVE,LOAN,2020-09-26,B15,OK,Y
BR321,C1320,A2320,,PENDING,LOAN,2024-05-19,B10,OK,N
BR322,C1321,A2321,27557.35,ACTIVE,LOAN,2021-02-15,B9,OK,Y
BR323,C1322,A2322,38225.37,PENDING,LOAN,2024-05-25,B3,OK,Y
BR324,C1323,A2323,39878.94,INACTIVE,CURRENT,2024-05-14,B1,OK,Y
BR325,C1324,A2324,14845.78,INACTIVE,LOAN,2022-05-08,B19,OK,Y
BR326,C1325,A2325,17836.3,PENDING,LOAN,2022-01-27,B14,,Y
BR327,C1326,A2326,49279.25,PENDING,CURRENT,2022-08-04,B12,OK,N
BR328,C1327,A2327,34442.72,PENDING,LOAN,2020-03-28,B11,OK,Y
BR329,C1328,A2328,14123.04,PENDING,SAVINGS,2020-11-10,B1,OK,N
BR330,C1329,A2329,36898.66,PENDING,SAVINGS,2024-08-31,B7,OK,N
BR331,C1330,A2330,7884.39,ACTIVE,LOAN,2020-07-24,B9,OK,N
BR332,C1331,A2331,10663.75,INACTIVE,SAVINGS,2022-05-09,B13,OK,N
BR333,C1332,A2332,43115.21,INACTIVE,CURRENT,2023-07-11,B13,OK,Y
BR334,C1333,A2333,17240.45,ACTIVE,CURRENT,2021-04-27,B12,OK,Y
BR335,C1334,A2334,5755.84,INACTIVE,LOAN,2020-07-28,B13,OK,N
BR336,C1335,A2335,9561.36,ACTIVE,SAVINGS,2020-05-12,B14,OK,Y
BR337,C1336,A2336,18651.74,ACTIVE,SAVINGS,2023-07-18,B5,OK,Y
BR338,C1337,A2337,7677.1,ACTIVE,CURRENT,2023-06-23,B15,OK,N
BR339,C1338,A2338,23111.86,PENDING,CURRENT,2024-09-08,B9,OK,Y
BR340,C1339,A2339,23712.54,INACTIVE,LOAN,2022-02-11,B17,OK,Y
BR341,C1340,A2340,46126.69,ACTIVE,CURRENT,2023-12-16,B10,OK,Y
BR342,C1341,A2341,30324.17,INACTIVE,SAVINGS,2024-01-22,B9,OK,Y
BR343,C1342,A2342,1379.0,INACTIVE,SAVINGS,2025-06-21,B7,OK,N
BR344,C1343,A2343,1535.28,PENDING,CURRENT,2024-12-21,B11,OK,N
BR345,C1344,A2344,14729.02,PENDING,CURRENT,2020-12-15,B11,OK,N
BR346,C1345,A2345,20058.65,ACTIVE,LOAN,2020-01-21,B10,OK,N
BR347,C1346,A2346,25614.53,INACTIVE,SAVINGS,2022-03-22,B2,OK,N
BR348,C1347,A2347,20330.85,PENDING,LOAN,2024-04-24,B5,OK,Y
BR349,C1348,A2348,6778.45,ACTIVE,LOAN,2023-04-17,B18,OK,Y
BR350,C1349,A2349,21183.01,INACTIVE,LOAN,2023-02-03,B14,OK,Y
BR351,C1350,A2350,27172.78,PENDING,SAVINGS,2020-01-09,B8,,Y
BR352,C1351,A2351,46759.75,INACTIVE,CURRENT,2023-02-14,B20,OK,N
BR353,C1352,A2352,41606.76,INACTIVE,LOAN,2020-05-31,B12,OK,Y
BR354,C1353,A2353,33011.33,ACTIVE,SAVINGS,2022-08-17,B18,OK,N
BR355,C1354,A2354,17549.72,ACTIVE,SAVINGS,2024-06-14,B8,OK,Y
BR356,C1355,A2355,41870.34,INACTIVE,CURRENT,2024-06-14,B1,OK,N
BR357,C1356,A2356,36601.34,INACTIVE,CURRENT,2024-01-04,B3,OK,N
BR358,C1357,A2357,20404.3,INACTIVE,LOAN,2020-04-09,B20,OK,Y
BR359,C1358,A2358,49365.54,PENDING,LOAN,2020-11-15,B13,OK,Y
BR360,C1359,A2359,20460.4,ACTIVE,LOAN,2023-04-17,B14,OK,N
BR361,C1360,A2360,,INACTIVE,CURRENT,2020-03-17,B15,OK,Y
BR362,C1361,A2361,20114.8,PENDING,SAVINGS,2023-02-16,B19,OK,N
BR363,C1362,A2362,15633.88,ACTIVE,CURRENT,2021-08-08,B9,OK,Y
BR364,C1363,A2363,47285.02,ACTIVE,CURRENT,2025-02-10,B10,OK,Y
BR365,C1364,A2364,43770.36,INACTIVE,CURRENT,2025-06-07,B5,OK,Y
BR366,C1365,A2365,2400.34,INACTIVE,LOAN,2022-04-10,B7,OK,N
BR367,C1366,A2366,7000.05,ACTIVE,SAVINGS,2024-07-09,B1,OK,N
BR368,C1367,A2367,48589.15,INACTIVE,CURRENT,2022-03-20,B12,OK,N
BR369,C1368,A2368,29872.72,INACTIVE,LOAN,2024-09-19,B6,OK,N
BR370,C1369,A2369,30999.5,INACTIVE,CURRENT,2022-01-21,B8,OK,Y
BR371,C1370,A2370,30150.51,PENDING,LOAN,2024-11-08,B9,OK,Y
BR372,C1371,A2371,7482.39,PENDING,SAVINGS,2022-01-20,B17,OK,N
BR373,C1372,A2372,24383.09,INACTIVE,LOAN,2020-09-04,B12,OK,Y
BR374,C1373,A2373,35651.25,PENDING,SAVINGS,2021-02-23,B12,OK,N
BR375,C1374,A2374,633.1,ACTIVE,CURRENT,2020-04-06,B10,OK,Y
BR376,C1375,A2375,30562.51,INACTIVE,CURRENT,2021-12-16,B19,,N
BR377,C1376,A2376,48311.82,PENDING,LOAN,2023-01-15,B16,OK,N
BR378,C1377,A2377,20606.53,PENDING,SAVINGS,2023-02-14,B20,OK,Y
BR379,C1378,A2378,33539.92,ACTIVE,LOAN,2024-11-13,B1,OK,N
BR380,C1379,A2379,4164.0,ACTIVE,LOAN,2020-01-11,B9,OK,Y
BR381,C1380,A2380,22879.14,INACTIVE,SAVINGS,2024-06-23,B5,OK,Y
BR382,C1381,A2381,28515.04,ACTIVE,SAVINGS,2024-01-26,B18,OK,N
BR383,C1382,A2382,48347.9,PENDING,LOAN,2021-05-24,B9,OK,Y
BR384,C1383,A2383,9631.82,ACTIVE,SAVINGS,2021-04-07,B5,OK,Y
BR385,C1384,A2384,31603.4,ACTIVE,LOAN,2024-06-26,B4,OK,Y
BR386,C1385,A2385,43943.43,PENDING,SAVINGS,2021-07-30,B15,OK,N
BR387,C1386,A2386,21884.23,PENDING,LOAN,2022-07-05,B20,OK,Y
BR388,C1387,A2387,37948.74,INACTIVE,LOAN,2021-09-26,B5,OK,Y
BR389,C1388,A2388,6858.04,PENDING,LOAN,2023-11-29,B10,OK,Y
BR390,C1389,A2389,21334.99,INACTIVE,SAVINGS,2023-07-03,B20,OK,N
BR391,C1390,A2390,8625.21,ACTIVE,SAVINGS,2025-01-21,B14,OK,N
BR392,C1391,A2391,5076.37,PENDING,LOAN,2021-08-05,B2,OK,Y
BR393,C1392,A2392,42273.3,PENDING,SAVINGS,2023-06-29,B6,OK,N
BR394,C1393,A2393,16370.59,INACTIVE,LOAN,2021-05-09,B12,OK,N
BR395,C1394,A2394,46170.95,PENDING,LOAN,2023-04-05,B7,OK,Y
BR396,C1395,A2395,29418.06,PENDING,SAVINGS,2022-06-14,B11,OK,Y
BR397,C1396,A2396,46972.64,INACTIVE,SAVINGS,2022-03-07,B9,OK,N
BR398,C1397,A2397,19778.25,INACTIVE,CURRENT,2022-09-04,B19,OK,N
BR399,C1398,A2398,12416.53,ACTIVE,CURRENT,2022-12-01,B10,OK,Y
BR400,C1399,A2399,8352.38,INACTIVE,SAVINGS,2020-07-23,B13,OK,N
BR401,C1400,A2400,,ACTIVE,SAVINGS,2021-11-28,B2,,Y
BR402,C1401,A2401,27544.43,INACTIVE,SAVINGS,2020-07-28,B11,OK,N
BR403,C1402,A2402,37564.28,ACTIVE,LOAN,2022-06-14,B17,OK,N
BR404,C1403,A2403,4564.21,ACTIVE,LOAN,2023-10-17,B19,OK,N
BR405,C1404,A2404,39356.47,ACTIVE,LOAN,2022-01-02,B6,OK,Y
BR406,C1405,A2405,22923.41,ACTIVE,LOAN,2021-04-09,B7,OK,N
BR407,C1406,A2406,71.45,PENDING,LOAN,2022-11-24,B8,OK,N
BR408,C1407,A2407,17394.49,INACTIVE,SAVINGS,2021-04-12,B6,OK,N
BR409,C1408,A2408,39799.2,ACTIVE,LOAN,2023-12-15,B10,OK,N
BR410,C1409,A2409,27874.44,ACTIVE,SAVINGS,2025-01-22,B17,OK,Y
BR411,C1410,A2410,46078.26,ACTIVE,SAVINGS,2020-02-14,B15,OK,N
BR412,C1411,A2411,28068.18,INACTIVE,SAVINGS,2021-03-27,B19,OK,Y
BR413,C1412,A2412,3988.98,ACTIVE,LOAN,2024-02-20,B8,OK,Y
BR414,C1413,A2413,22959.34,INACTIVE,LOAN,2024-01-04,B9,OK,Y
BR415,C1414,A2414,40588.65,INACTIVE,SAVINGS,2023-10-18,B17,OK,Y
BR416,C1415,A2415,37291.59,ACTIVE,CURRENT,2023-07-23,B2,OK,N
BR417,C1416,A2416,32186.51,INACTIVE,SAVINGS,2025-02-15,B2,OK,Y
BR418,C1417,A2417,34204.53,ACTIVE,LOAN,2024-03-20,B13,OK,Y
BR419,C1418,A2418,48409.99,ACTIVE,CURRENT,2024-02-18,B13,OK,N
BR420,C1419,A2419,31441.51,PENDING,CURRENT,2020-02-23,B5,OK,Y
BR421,C1420,A2420,49301.03,ACTIVE,SAVINGS,2024-02-29,B13,OK,N
BR422,C1421,A2421,1499.22,ACTIVE,CURRENT,2020-12-21,B12,OK,Y
BR423,C1422,A2422,49899.74,ACTIVE,CURRENT,2021-12-09,B5,OK,N
BR424,C1423,A2423,25547.16,INACTIVE,CURRENT,2021-03-16,B3,OK,Y
BR425,C1424,A2424,16809.34,INACTIVE,SAVINGS,2021-06-17,B1,OK,N
BR426,C1425,A2425,37451.84,INACTIVE,CURRENT,2021-01-28,B20,,Y
BR427,C1426,A2426,144.07,PENDING,CURRENT,2024-05-24,B6,OK,N
BR428,C1427,A2427,44013.86,INACTIVE,CURRENT,2020-10-04,B11,OK,N
BR429,C1428,A2428,19548.59,ACTIVE,LOAN,2020-04-03,B12,OK,N
BR430,C1429,A2429,4624.99,PENDING,LOAN,2021-10-07,B1,OK,N
BR431,C1430,A2430,45119.45,ACTIVE,SAVINGS,2021-04-18,B19,OK,Y
BR432,C1431,A2431,6362.95,INACTIVE,LOAN,2024-02-29,B18,OK,Y
BR433,C1432,A2432,21204.12,PENDING,CURRENT,2024-01-31,B6,OK,N
BR434,C1433,A2433,2878.12,INACTIVE,CURRENT,2020-03-24,B2,OK,Y
BR435,C1434,A2434,16307.11,PENDING,SAVINGS,2023-12-06,B6,OK,N
BR436,C1435,A2435,44143.37,PENDING,SAVINGS,2025-04-01,B11,OK,Y
BR437,C1436,A2436,17609.37,INACTIVE,SAVINGS,2020-12-09,B2,OK,Y
BR438,C1437,A2437,15487.7,INACTIVE,SAVINGS,2025-02-13,B16,OK,Y
BR439,C1438,A2438,17283.72,PENDING,CURRENT,2024-07-24,B11,OK,Y
BR440,C1439,A2439,45739.71,INACTIVE,CURRENT,2022-10-17,B15,OK,Y
BR441,C1440,A2440,,ACTIVE,SAVINGS,2020-04-02,B18,OK,Y
BR442,C1441,A2441,24103.64,INACTIVE,LOAN,2021-04-28,B17,OK,Y
BR443,C1442,A2442,19265.06,PENDING,CURRENT,2024-04-07,B4,OK,Y
BR444,C1443,A2443,19649.63,PENDING,LOAN,2024-10-09,B12,OK,N
BR445,C1444,A2444,730.88,ACTIVE,CURRENT,2024-02-01,B4,OK,N
BR446,C1445,A2445,25466.65,INACTIVE,SAVINGS,2023-04-16,B4,OK,N
BR447,C1446,A2446,16201.62,INACTIVE,CURRENT,2024-05-08,B9,OK,Y
BR448,C1447,A2447,23950.05,INACTIVE,SAVINGS,2020-01-06,B7,OK,Y
BR449,C1448,A2448,34039.34,INACTIVE,LOAN,2025-02-12,B16,OK,Y
BR450,C1449,A2449,41478.61,INACTIVE,CURRENT,2020-11-12,B6,OK,Y
BR451,C1450,A2450,48020.27,PENDING,SAVINGS,2022-10-20,B6,,N
BR452,C1451,A2451,10962.16,ACTIVE,SAVINGS,2023-02-18,B18,OK,N
BR453,C1452,A2452,29580.08,ACTIVE,CURRENT,2023-04-05,B18,OK,Y
BR454,C1453,A2453,49254.22,ACTIVE,CURRENT,2022-07-12,B16,OK,Y
BR455,C1454,A2454,21482.44,ACTIVE,SAVINGS,2020-09-26,B7,OK,Y
BR456,C1455,A2455,13537.86,INACTIVE,CURRENT,2021-08-04,B10,OK,N
BR457,C1456,A2456,7283.51,INACTIVE,CURRENT,2024-03-20,B12,OK,Y
BR458,C1457,A2457,37759.82,ACTIVE,LOAN,2023-09-12,B4,OK,N
BR459,C1458,A2458,7456.36,INACTIVE,CURRENT,2023-08-03,B19,OK,Y
BR460,C1459,A2459,7970.58,INACTIVE,SAVINGS,2021-01-16,B5,OK,N
BR461,C1460,A2460,36841.42,ACTIVE,CURRENT,2022-05-12,B10,OK,N
BR462,C1461,A2461,39646.86,INACTIVE,CURRENT,2022-08-30,B14,OK,Y
BR463,C1462,A2462,10979.43,PENDING,SAVINGS,2020-09-25,B3,OK,N
BR464,C1463,A2463,30944.78,INACTIVE,CURRENT,2021-01-25,B18,OK,N
BR465,C1464,A2464,33065.06,PENDING,SAVINGS,2022-11-27,B17,OK,N
BR466,C1465,A2465,4566.46,ACTIVE,SAVINGS,2022-05-23,B6,OK,N
BR467,C1466,A2466,23065.62,ACTIVE,CURRENT,2020-12-26,B8,OK,N
BR468,C1467,A2467,31203.52,PENDING,LOAN,2024-08-13,B7,OK,Y
BR469,C1468,A2468,34084.06,INACTIVE,LOAN,2025-05-24,B8,OK,Y
BR470,C1469,A2469,14648.76,PENDING,CURRENT,2024-08-25,B7,OK,Y
BR471,C1470,A2470,23702.93,INACTIVE,SAVINGS,2022-07-15,B6,OK,N
BR472,C1471,A2471,20689.26,INACTIVE,LOAN,2025-01-06,B3,OK,N
BR473,C1472,A2472,2204.36,PENDING,SAVINGS,2024-03-07,B16,OK,Y
BR474,C1473,A2473,15228.18,INACTIVE,CURRENT,2022-05-03,B10,OK,N
BR475,C1474,A2474,35516.57,INACTIVE,CURRENT,2023-12-31,B5,OK,N
BR476,C1475,A2475,47696.89,PENDING,CURRENT,2022-03-23,B2,,N
BR477,C1476,A2476,7321.04,INACTIVE,SAVINGS,2020-03-12,B13,OK,Y
BR478,C1477,A2477,49383.11,PENDING,CURRENT,2022-11-13,B6,OK,N
BR479,C1478,A2478,20111.9,PENDING,LOAN,2022-07-04,B6,OK,N
BR480,C1479,A2479,26062.99,ACTIVE,CURRENT,2024-05-27,B16,OK,Y
BR481,C1480,A2480,,PENDING,SAVINGS,2023-08-02,B13,OK,Y
BR482,C1481,A2481,21929.13,ACTIVE,CURRENT,2021-10-25,B3,OK,N
BR483,C1482,A2482,17339.73,PENDING,SAVINGS,2022-11-22,B2,OK,Y
BR484,C1483,A2483,21563.15,PENDING,SAVINGS,2021-01-15,B7,OK,N
BR485,C1484,A2484,5195.25,ACTIVE,SAVINGS,2024-09-12,B14,OK,N
BR486,C1485,A2485,26455.6,ACTIVE,CURRENT,2020-03-24,B15,OK,Y
BR487,C1486,A2486,14295.56,INACTIVE,LOAN,2023-10-21,B7,OK,N
BR488,C1487,A2487,44001.61,PENDING,LOAN,2021-07-21,B10,OK,Y
BR489,C1488,A2488,46501.11,INACTIVE,LOAN,2024-07-09,B11,OK,N
BR490,C1489,A2489,11140.68,INACTIVE,SAVINGS,2021-08-03,B11,OK,N
BR491,C1490,A2490,23841.12,ACTIVE,CURRENT,2023-03-28,B14,OK,N
BR492,C1491,A2491,24776.62,PENDING,CURRENT,2020-05-02,B5,OK,N
BR493,C1492,A2492,20875.93,PENDING,SAVINGS,2023-03-14,B5,OK,N
BR494,C1493,A2493,21642.01,INACTIVE,LOAN,2023-10-17,B8,OK,Y
BR495,C1494,A2494,39657.11,ACTIVE,LOAN,2024-01-15,B6,OK,Y
BR496,C1495,A2495,24931.48,ACTIVE,LOAN,2025-04-30,B5,OK,Y
BR497,C1496,A2496,32569.36,ACTIVE,SAVINGS,2024-05-05,B19,OK,Y
BR498,C1497,A2497,23962.67,ACTIVE,CURRENT,2021-05-13,B15,OK,Y
BR499,C1498,A2498,34641.41,INACTIVE,SAVINGS,2020-09-24,B5,OK,Y
BR500,C1499,A2499,48951.75,PENDING,CURRENT,2024-09-15,B20,OK,N
