card_id,customer_id,account_id,amount,status,type,date,branch,remarks,flag
CA1,C1000,A2000,,PENDING,SAVINGS,2024-04-30,B20,,N
CA2,C1001,A2001,11086.33,INACTIVE,SAVINGS,2022-06-11,B12,OK,N
CA3,C1002,A2002,22359.2,PENDING,CURRENT,2023-05-25,B4,OK,N
CA4,C1003,A2003,569.14,PENDING,LOAN,2023-09-06,B14,OK,Y
CA5,C1004,A2004,39194.01,INACTIVE,LOAN,2020-04-25,B15,OK,N
CA6,C1005,A2005,17019.46,PENDING,LOAN,2022-06-30,B16,OK,N
CA7,C1006,A2006,45909.66,INACTIVE,LOAN,2024-02-02,B16,OK,Y
CA8,C1007,A2007,47906.67,PENDING,SAVINGS,2020-09-17,B11,OK,Y
CA9,C1008,A2008,46936.23,ACTIVE,SAVINGS,2021-05-24,B11,OK,N
CA10,C1009,A2009,33029.47,INACTIVE,CURRENT,2024-01-30,B7,OK,Y
CA11,C1010,A2010,6176.85,INACTIVE,CURRENT,2023-07-07,B14,OK,N
CA12,C1011,A2011,46204.86,ACTIVE,SAVINGS,2024-07-10,B9,OK,N
CA13,C1012,A2012,44394.97,ACTIVE,SAVINGS,2023-11-01,B2,OK,N
CA14,C1013,A2013,26019.52,ACTIVE,LOAN,2025-01-04,B15,OK,N
CA15,C1014,A2014,29021.21,ACTIVE,LOAN,2024-11-27,B8,OK,N
CA16,C1015,A2015,32935.39,INACTIVE,SAVINGS,2024-09-13,B6,OK,N
CA17,C1016,A2016,12502.26,ACTIVE,SAVINGS,2022-08-17,B16,OK,N
CA18,C1017,A2017,33120.25,ACTIVE,LOAN,2021-11-28,B13,OK,Y
CA19,C1018,A2018,18494.08,ACTIVE,CURRENT,2024-04-14,B16,OK,Y
CA20,C1019,A2019,24785.78,PENDING,SAVINGS,2020-05-12,B5,OK,Y
CA21,C1020,A2020,22013.74,ACTIVE,CURRENT,2023-11-28,B9,OK,Y
CA22,C1021,A2021,7814.81,PENDING,LOAN,2023-08-14,B12,OK,N
CA23,C1022,A2022,24518.66,ACTIVE,CURRENT,2024-06-05,B11,OK,N
CA24,C1023,A2023,9941.32,PENDING,CURRENT,2022-06-22,B18,OK,Y
CA25,C1024,A2024,330.07,INACTIVE,LOAN,2020-06-20,B2,OK,Y
CA26,C1025,A2025,30159.87,PENDING,CURRENT,2022-03-08,B8,,N
CA27,C1026,A2026,24746.26,PENDING,CURRENT,2021-05-02,B1,OK,Y
CA28,C1027,A2027,32294.48,ACTIVE,CURRENT,2021-01-16,B19,OK,Y
CA29,C1028,A2028,46498.23,ACTIVE,CURRENT,2023-08-05,B17,OK,Y
CA30,C1029,A2029,35149.41,INACTIVE,SAVINGS,2025-01-25,B19,OK,Y
CA31,C1030,A2030,44128.69,PENDING,SAVINGS,2023-03-08,B13,OK,Y
CA32,C1031,A2031,37655.84,INACTIVE,LOAN,2025-05-06,B9,OK,N
CA33,C1032,A2032,18676.84,PENDING,LOAN,2021-05-24,B2,OK,Y
CA34,C1033,A2033,39706.84,INACTIVE,LOAN,2024-07-29,B5,OK,N
CA35,C1034,A2034,48327.41,PENDING,CURRENT,2020-10-23,B8,OK,Y
CA36,C1035,A2035,10772.62,INACTIVE,SAVINGS,2023-05-13,B20,OK,N
CA37,C1036,A2036,6252.79,INACTIVE,LOAN,2023-05-17,B5,OK,N
CA38,C1037,A2037,7158.39,INACTIVE,CURRENT,2025-02-18,B13,OK,Y
CA39,C1038,A2038,22987.95,PENDING,CURRENT,2022-06-09,B20,OK,N
CA40,C1039,A2039,1763.33,PENDING,CURRENT,2021-09-07,B8,OK,Y
CA41,C1040,A2040,,PENDING,LOAN,2020-04-07,B17,OK,Y
CA42,C1041,A2041,32327.4,INACTIVE,SAVINGS,2025-01-24,B4,OK,N
CA43,C1042,A2042,24360.97,ACTIVE,LOAN,2020-02-03,B7,OK,Y
CA44,C1043,A2043,40696.54,INACTIVE,SAVINGS,2021-03-11,B8,OK,Y
CA45,C1044,A2044,39749.01,INACTIVE,SAVINGS,2021-04-21,B19,OK,Y
CA46,C1045,A2045,17369.68,INACTIVE,SAVINGS,2020-12-19,B3,OK,N
CA47,C1046,A2046,39342.25,PENDING,CURRENT,2020-03-14,B9,OK,N
CA48,C1047,A2047,1059.0,ACTIVE,SAVINGS,2025-03-05,B17,OK,Y
CA49,C1048,A2048,20695.9,INACTIVE,LOAN,2021-01-16,B16,OK,N
CA50,C1049,A2049,16557.22,ACTIVE,SAVINGS,2023-05-10,B19,OK,N
CA51,C1050,A2050,2607.13,ACTIVE,SAVINGS,2025-06-21,B15,,N
CA52,C1051,A2051,21623.84,ACTIVE,LOAN,2020-05-03,B19,OK,N
CA53,C1052,A2052,7225.81,INACTIVE,LOAN,2020-04-26,B12,OK,N
CA54,C1053,A2053,43285.36,INACTIVE,SAVINGS,2025-03-15,B2,OK,N
CA55,C1054,A2054,21920.52,INACTIVE,SAVINGS,2022-09-17,B2,OK,N
CA56,C1055,A2055,49339.1,INACTIVE,LOAN,2024-10-11,B10,OK,N
CA57,C1056,A2056,14145.78,INACTIVE,LOAN,2023-11-03,B9,OK,Y
CA58,C1057,A2057,19484.7,ACTIVE,LOAN,2020-03-16,B7,OK,Y
CA59,C1058,A2058,4963.45,ACTIVE,CURRENT,2024-03-13,B7,OK,N
CA60,C1059,A2059,36460.79,PENDING,CURRENT,2020-05-05,B11,OK,Y
CA61,C1060,A2060,3511.62,PENDING,LOAN,2024-04-14,B1,OK,N
CA62,C1061,A2061,27901.45,PENDING,SAVINGS,2020-09-14,B14,OK,Y
CA63,C1062,A2062,36524.98,INACTIVE,LOAN,2022-04-21,B5,OK,Y
CA64,C1063,A2063,9854.42,INACTIVE,CURRENT,2021-09-18,B11,OK,N
CA65,C1064,A2064,7836.78,PENDING,LOAN,2021-06-20,B20,OK,Y
CA66,C1065,A2065,7133.15,ACTIVE,SAVINGS,2022-07-02,B3,OK,N
CA67,C1066,A2066,14481.64,PENDING,LOAN,2021-01-01,B16,OK,Y
CA68,C1067,A2067,45436.31,ACTIVE,LOAN,2021-09-22,B18,OK,N
CA69,C1068,A2068,5566.72,PENDING,LOAN,2021-01-04,B17,OK,Y
CA70,C1069,A2069,17831.03,PENDING,LOAN,2020-05-08,B20,OK,Y
CA71,C1070,A2070,41853.31,PENDING,SAVINGS,2022-11-13,B1,OK,Y
CA72,C1071,A2071,21336.66,INACTIVE,SAVINGS,2024-12-25,B14,OK,Y
CA73,C1072,A2072,4559.97,ACTIVE,CURRENT,2022-11-20,B13,OK,N
CA74,C1073,A2073,43996.07,PENDING,SAVINGS,2020-01-03,B15,OK,Y
CA75,C1074,A2074,31674.41,ACTIVE,SAVINGS,2022-10-27,B5,OK,Y
CA76,C1075,A2075,4210.26,INACTIVE,SAVINGS,2020-05-10,B10,,Y
CA77,C1076,A2076,41358.2,INACTIVE,SAVINGS,2020-03-09,B20,OK,Y
CA78,C1077,A2077,27875.86,INACTIVE,SAVINGS,2020-12-28,B5,OK,Y
CA79,C1078,A2078,45234.19,INACTIVE,SAVINGS,2020-12-10,B10,OK,N
CA80,C1079,A2079,7897.48,INACTIVE,CURRENT,2022-12-15,B13,OK,N
CA81,C1080,A2080,,INACTIVE,LOAN,2021-08-04,B15,OK,N
CA82,C1081,A2081,1042.26,INACTIVE,CURRENT,2024-09-05,B6,OK,N
CA83,C1082,A2082,20357.26,INACTIVE,CURRENT,2022-11-19,B2,OK,Y
CA84,C1083,A2083,49433.54,INACTIVE,SAVINGS,2020-05-02,B4,OK,N
CA85,C1084,A2084,29280.29,INACTIVE,CURRENT,2023-02-03,B12,OK,N
CA86,C1085,A2085,33448.01,INACTIVE,LOAN,2022-05-26,B11,OK,N
CA87,C1086,A2086,32090.37,INACTIVE,SAVINGS,2023-03-24,B16,OK,Y
CA88,C1087,A2087,49840.41,PENDING,LOAN,2021-11-29,B10,OK,Y
CA89,C1088,A2088,35450.77,INACTIVE,SAVINGS,2022-04-27,B17,OK,N
CA90,C1089,A2089,33301.35,ACTIVE,LOAN,2021-01-30,B11,OK,Y
CA91,C1090,A2090,4082.7,PENDING,LOAN,2024-01-08,B2,OK,N
CA92,C1091,A2091,16090.03,PENDING,LOAN,2021-06-27,B3,OK,Y
CA93,C1092,A2092,32019.34,ACTIVE,SAVINGS,2021-06-29,B18,OK,Y
CA94,C1093,A2093,48897.09,PENDING,SAVINGS,2025-01-17,B18,OK,N
CA95,C1094,A2094,8209.05,ACTIVE,SAVINGS,2021-05-29,B20,OK,N
CA96,C1095,A2095,20774.32,PENDING,CURRENT,2024-10-10,B14,OK,Y
CA97,C1096,A2096,30566.62,INACTIVE,SAVINGS,2020-06-27,B7,OK,Y
CA98,C1097,A2097,25164.22,PENDING,LOAN,2024-11-18,B7,OK,Y
CA99,C1098,A2098,44641.22,INACTIVE,LOAN,2023-04-12,B17,OK,Y
CA100,C1099,A2099,46188.06,ACTIVE,LOAN,2022-10-21,B15,OK,Y
CA101,C1100,A2100,37213.29,INACTIVE,CURRENT,2022-08-03,B7,,Y
CA102,C1101,A2101,28966.33,ACTIVE,SAVINGS,2023-10-09,B20,OK,Y
CA103,C1102,A2102,38820.99,INACTIVE,SAVINGS,2021-08-28,B5,OK,N
CA104,C1103,A2103,18626.16,ACTIVE,SAVINGS,2020-07-04,B11,OK,Y
CA105,C1104,A2104,4255.42,ACTIVE,CURRENT,2020-12-11,B4,OK,Y
CA106,C1105,A2105,35756.64,INACTIVE,SAVINGS,2022-09-05,B4,OK,Y
CA107,C1106,A2106,23540.61,PENDING,LOAN,2021-12-21,B14,OK,N
CA108,C1107,A2107,16318.3,INACTIVE,SAVINGS,2022-01-10,B17,OK,N
CA109,C1108,A2108,22348.88,ACTIVE,SAVINGS,2020-10-01,B4,OK,Y
CA110,C1109,A2109,15125.98,PENDING,CURRENT,2025-04-16,B8,OK,Y
CA111,C1110,A2110,48339.56,INACTIVE,SAVINGS,2023-04-09,B11,OK,Y
CA112,C1111,A2111,37624.31,ACTIVE,CURRENT,2023-03-10,B17,OK,N
CA113,C1112,A2112,46915.17,INACTIVE,CURRENT,2024-05-14,B3,OK,N
CA114,C1113,A2113,31265.56,INACTIVE,SAVINGS,2022-02-24,B7,OK,N
CA115,C1114,A2114,1904.16,ACTIVE,LOAN,2022-03-19,B1,OK,N
CA116,C1115,A2115,24618.05,INACTIVE,CURRENT,2021-03-11,B13,OK,N
CA117,C1116,A2116,4456.45,ACTIVE,SAVINGS,2024-10-18,B16,OK,N
CA118,C1117,A2117,15826.61,INACTIVE,LOAN,2020-10-22,B6,OK,Y
CA119,C1118,A2118,25640.98,PENDING,LOAN,2022-11-13,B2,OK,N
CA120,C1119,A2119,40547.91,ACTIVE,CURRENT,2021-11-11,B10,OK,N
CA121,C1120,A2120,,INACTIVE,LOAN,2024-04-23,B8,OK,Y
CA122,C1121,A2121,30833.96,ACTIVE,LOAN,2023-04-02,B9,OK,N
CA123,C1122,A2122,7021.17,ACTIVE,SAVINGS,2021-11-20,B4,OK,N
CA124,C1123,A2123,49355.21,ACTIVE,SAVINGS,2023-08-21,B19,OK,Y
CA125,C1124,A2124,35696.52,INACTIVE,LOAN,2023-11-13,B6,OK,Y
CA126,C1125,A2125,4649.25,INACTIVE,CURRENT,2020-09-25,B16,,Y
CA127,C1126,A2126,21219.64,INACTIVE,SAVINGS,2022-02-13,B3,OK,N
CA128,C1127,A2127,40146.32,PENDING,CURRENT,2024-10-03,B1,OK,N
CA129,C1128,A2128,43783.11,ACTIVE,CURRENT,2024-08-31,B6,OK,Y
CA130,C1129,A2129,13371.69,ACTIVE,CURRENT,2023-09-27,B12,OK,Y
CA131,C1130,A2130,5566.07,ACTIVE,CURRENT,2021-07-20,B7,OK,Y
CA132,C1131,A2131,22464.45,ACTIVE,LOAN,2020-06-01,B3,OK,N
CA133,C1132,A2132,20320.51,PENDING,LOAN,2025-03-18,B15,OK,Y
CA134,C1133,A2133,41305.83,INACTIVE,LOAN,2024-01-12,B9,OK,Y
CA135,C1134,A2134,47165.89,INACTIVE,SAVINGS,2023-07-11,B12,OK,N
CA136,C1135,A2135,17370.83,ACTIVE,SAVINGS,2021-10-14,B4,OK,Y
CA137,C1136,A2136,22527.33,INACTIVE,CURRENT,2024-05-01,B18,OK,Y
CA138,C1137,A2137,12439.42,INACTIVE,SAVINGS,2021-12-23,B9,OK,N
CA139,C1138,A2138,6199.2,ACTIVE,LOAN,2024-01-08,B13,OK,N
CA140,C1139,A2139,24568.15,ACTIVE,CURRENT,2020-06-16,B20,OK,N
CA141,C1140,A2140,12295.32,PENDING,LOAN,2022-05-03,B18,OK,N
CA142,C1141,A2141,19941.25,ACTIVE,SAVINGS,2021-01-29,B1,OK,Y
CA143,C1142,A2142,17319.53,ACTIVE,CURRENT,2021-10-19,B3,OK,Y
CA144,C1143,A2143,2493.31,PENDING,CURRENT,2022-11-05,B7,OK,Y
CA145,C1144,A2144,27140.94,ACTIVE,CURRENT,2025-04-03,B17,OK,N
CA146,C1145,A2145,10891.86,ACTIVE,CURRENT,2020-09-06,B7,OK,Y
CA147,C1146,A2146,48667.52,INACTIVE,LOAN,2022-02-06,B19,OK,Y
CA148,C1147,A2147,49116.7,INACTIVE,SAVINGS,2021-02-07,B11,OK,Y
CA149,C1148,A2148,17538.37,ACTIVE,SAVINGS,2024-08-14,B19,OK,Y
CA150,C1149,A2149,945.23,INACTIVE,CURRENT,2025-02-27,B18,OK,Y
CA151,C1150,A2150,40374.59,ACTIVE,CURRENT,2022-07-21,B6,,N
CA152,C1151,A2151,40171.14,PENDING,SAVINGS,2020-01-19,B5,OK,N
CA153,C1152,A2152,23874.51,INACTIVE,LOAN,2023-08-14,B18,OK,Y
CA154,C1153,A2153,37377.13,ACTIVE,SAVINGS,2020-05-27,B1,OK,N
CA155,C1154,A2154,39671.69,ACTIVE,SAVINGS,2024-12-15,B2,OK,N
CA156,C1155,A2155,16129.25,ACTIVE,SAVINGS,2023-01-16,B5,OK,Y
CA157,C1156,A2156,40628.65,INACTIVE,LOAN,2021-02-13,B9,OK,N
CA158,C1157,A2157,8716.91,PENDING,LOAN,2022-08-05,B20,OK,Y
CA159,C1158,A2158,48340.24,PENDING,CURRENT,2020-11-27,B13,OK,Y
CA160,C1159,A2159,14937.99,PENDING,LOAN,2023-09-14,B9,OK,N
CA161,C1160,A2160,,INACTIVE,SAVINGS,2021-01-12,B6,OK,Y
CA162,C1161,A2161,24919.66,PENDING,CURRENT,2020-12-10,B20,OK,Y
CA163,C1162,A2162,13241.6,PENDING,LOAN,2024-01-16,B1,OK,N
CA164,C1163,A2163,39940.19,INACTIVE,LOAN,2025-03-22,B6,OK,N
CA165,C1164,A2164,36578.35,ACTIVE,LOAN,2021-05-28,B2,OK,Y
CA166,C1165,A2165,43326.16,PENDING,CURRENT,2020-02-19,B3,OK,Y
CA167,C1166,A2166,28817.25,ACTIVE,CURRENT,2023-01-08,B14,OK,N
CA168,C1167,A2167,30165.62,ACTIVE,SAVINGS,2020-04-22,B1,OK,N
CA169,C1168,A2168,36253.72,PENDING,LOAN,2024-07-19,B3,OK,Y
CA170,C1169,A2169,6141.65,ACTIVE,SAVINGS,2021-06-07,B8,OK,Y
CA171,C1170,A2170,33837.34,ACTIVE,CURRENT,2022-04-12,B12,OK,N
CA172,C1171,A2171,19228.61,ACTIVE,CURRENT,2024-01-13,B18,OK,Y
CA173,C1172,A2172,36194.41,ACTIVE,CURRENT,2021-03-23,B4,OK,N
CA174,C1173,A2173,8413.89,PENDING,SAVINGS,2021-10-11,B18,OK,N
CA175,C1174,A2174,40295.45,ACTIVE,SAVINGS,2020-11-28,B11,OK,N
CA176,C1175,A2175,30991.38,ACTIVE,SAVINGS,2021-01-18,B18,,N
CA177,C1176,A2176,10162.56,INACTIVE,SAVINGS,2020-08-15,B7,OK,N
CA178,C1177,A2177,27997.76,INACTIVE,SAVINGS,2020-05-14,B10,OK,N
CA179,C1178,A2178,25111.83,ACTIVE,LOAN,2024-01-22,B2,OK,N
CA180,C1179,A2179,16261.61,PENDING,LOAN,2024-09-24,B5,OK,N
CA181,C1180,A2180,42155.04,INACTIVE,CURRENT,2020-12-10,B17,OK,Y
CA182,C1181,A2181,40264.79,ACTIVE,SAVINGS,2025-04-06,B1,OK,N
CA183,C1182,A2182,44700.54,ACTIVE,SAVINGS,2023-02-12,B7,OK,Y
CA184,C1183,A2183,45243.37,PENDING,CURRENT,2021-04-02,B18,OK,N
CA185,C1184,A2184,35875.58,INACTIVE,SAVINGS,2024-10-19,B8,OK,N
CA186,C1185,A2185,37265.34,ACTIVE,CURRENT,2021-07-25,B10,OK,N
CA187,C1186,A2186,9124.86,PENDING,CURRENT,2021-10-21,B13,OK,N
CA188,C1187,A2187,27412.2,INACTIVE,SAVINGS,2022-05-05,B12,OK,Y
CA189,C1188,A2188,35007.93,INACTIVE,CURRENT,2021-09-21,B13,OK,N
CA190,C1189,A2189,35361.18,PENDING,SAVINGS,2021-08-06,B5,OK,Y
CA191,C1190,A2190,37398.54,ACTIVE,LOAN,2024-12-24,B8,OK,N
CA192,C1191,A2191,7030.48,PENDING,SAVINGS,2025-04-18,B12,OK,Y
CA193,C1192,A2192,29153.68,PENDING,LOAN,2024-10-24,B13,OK,Y
CA194,C1193,A2193,36244.77,ACTIVE,CURRENT,2024-12-21,B11,OK,N
CA195,C1194,A2194,25704.8,PENDING,LOAN,2024-10-03,B2,OK,Y
CA196,C1195,A2195,41355.53,INACTIVE,SAVINGS,2020-07-22,B5,OK,N
CA197,C1196,A2196,5474.27,ACTIVE,CURRENT,2020-04-16,B20,OK,N
CA198,C1197,A2197,24970.37,ACTIVE,SAVINGS,2024-02-20,B2,OK,N
CA199,C1198,A2198,14041.61,INACTIVE,LOAN,2021-04-08,B11,OK,N
CA200,C1199,A2199,24614.88,ACTIVE,LOAN,2023-07-13,B5,OK,Y
CA201,C1200,A2200,,PENDING,SAVINGS,2023-09-03,B8,,Y
CA202,C1201,A2201,46161.3,ACTIVE,SAVINGS,2021-01-26,B12,OK,N
CA203,C1202,A2202,39170.16,PENDING,SAVINGS,2025-04-09,B7,OK,Y
CA204,C1203,A2203,18674.91,ACTIVE,SAVINGS,2020-02-22,B14,OK,N
CA205,C1204,A2204,43303.15,PENDING,LOAN,2022-03-01,B5,OK,N
CA206,C1205,A2205,33096.11,ACTIVE,SAVINGS,2022-07-15,B10,OK,N
CA207,C1206,A2206,40522.79,PENDING,SAVINGS,2021-02-28,B11,OK,N
CA208,C1207,A2207,34397.56,INACTIVE,CURRENT,2021-09-16,B3,OK,N
CA209,C1208,A2208,2831.97,PENDING,SAVINGS,2021-10-30,B6,OK,Y
CA210,C1209,A2209,15915.82,ACTIVE,LOAN,2025-03-05,B6,OK,Y
CA211,C1210,A2210,36284.32,PENDING,CURRENT,2022-04-06,B3,OK,Y
CA212,C1211,A2211,44333.41,PENDING,LOAN,2023-05-21,B20,OK,Y
CA213,C1212,A2212,37162.52,PENDING,CURRENT,2025-04-13,B12,OK,N
CA214,C1213,A2213,35874.28,INACTIVE,CURRENT,2020-03-12,B13,OK,Y
CA215,C1214,A2214,30874.61,INACTIVE,CURRENT,2021-12-02,B20,OK,Y
CA216,C1215,A2215,17211.99,INACTIVE,SAVINGS,2020-08-11,B1,OK,N
CA217,C1216,A2216,6018.99,PENDING,CURRENT,2023-05-19,B7,OK,Y
CA218,C1217,A2217,49402.87,PENDING,SAVINGS,2024-03-18,B18,OK,N
CA219,C1218,A2218,20702.9,INACTIVE,CURRENT,2023-07-18,B20,OK,Y
CA220,C1219,A2219,8352.07,ACTIVE,SAVINGS,2022-10-08,B14,OK,Y
CA221,C1220,A2220,8650.45,PENDING,LOAN,2020-03-23,B3,OK,N
CA222,C1221,A2221,28453.18,INACTIVE,SAVINGS,2022-12-16,B2,OK,N
CA223,C1222,A2222,49121.25,ACTIVE,CURRENT,2021-01-06,B13,OK,Y
CA224,C1223,A2223,35258.4,PENDING,CURRENT,2023-02-08,B19,OK,Y
CA225,C1224,A2224,28153.49,ACTIVE,LOAN,2021-06-30,B14,OK,Y
CA226,C1225,A2225,16388.91,ACTIVE,LOAN,2020-07-27,B7,,N
CA227,C1226,A2226,27269.04,PENDING,SAVINGS,2024-04-03,B11,OK,N
CA228,C1227,A2227,41641.68,ACTIVE,LOAN,2022-03-30,B14,OK,N
CA229,C1228,A2228,49290.93,INACTIVE,LOAN,2021-08-10,B5,OK,Y
CA230,C1229,A2229,41962.47,ACTIVE,LOAN,2020-05-27,B3,OK,N
CA231,C1230,A2230,44348.1,ACTIVE,CURRENT,2023-06-05,B17,OK,Y
CA232,C1231,A2231,783.25,INACTIVE,LOAN,2021-05-12,B16,OK,N
CA233,C1232,A2232,43452.55,INACTIVE,CURRENT,2024-05-25,B18,OK,Y
CA234,C1233,A2233,35370.51,PENDING,LOAN,2020-05-06,B18,OK,Y
CA235,C1234,A2234,33171.37,PENDING,LOAN,2024-04-23,B4,OK,Y
CA236,C1235,A2235,47714.31,ACTIVE,LOAN,2021-08-17,B14,OK,Y
CA237,C1236,A2236,4205.06,ACTIVE,LOAN,2020-10-25,B15,OK,Y
CA238,C1237,A2237,9276.23,ACTIVE,SAVINGS,2025-05-24,B6,OK,Y
CA239,C1238,A2238,18155.85,PENDING,SAVINGS,2021-04-22,B2,OK,Y
CA240,C1239,A2239,8316.73,ACTIVE,SAVINGS,2024-07-13,B14,OK,Y
CA241,C1240,A2240,,ACTIVE,LOAN,2021-12-10,B2,OK,Y
CA242,C1241,A2241,49688.07,INACTIVE,CURRENT,2021-09-16,B2,OK,Y
CA243,C1242,A2242,40235.23,ACTIVE,SAVINGS,2022-12-01,B2,OK,Y
CA244,C1243,A2243,24923.5,ACTIVE,LOAN,2020-08-21,B1,OK,Y
CA245,C1244,A2244,31999.76,INACTIVE,SAVINGS,2020-04-02,B1,OK,Y
CA246,C1245,A2245,29841.84,ACTIVE,LOAN,2021-05-30,B10,OK,Y
CA247,C1246,A2246,37855.56,ACTIVE,SAVINGS,2023-01-05,B11,OK,N
CA248,C1247,A2247,7590.2,PENDING,CURRENT,2020-07-06,B18,OK,N
CA249,C1248,A2248,26850.38,ACTIVE,CURRENT,2020-07-20,B4,OK,Y
CA250,C1249,A2249,34657.6,ACTIVE,LOAN,2020-03-19,B5,OK,Y
CA251,C1250,A2250,20781.91,INACTIVE,LOAN,2022-12-24,B18,,Y
CA252,C1251,A2251,14208.36,ACTIVE,LOAN,2020-05-25,B20,OK,N
CA253,C1252,A2252,25630.26,INACTIVE,CURRENT,2023-06-11,B9,OK,N
CA254,C1253,A2253,47168.85,ACTIVE,SAVINGS,2022-01-20,B4,OK,Y
CA255,C1254,A2254,33961.55,PENDING,LOAN,2020-11-07,B17,OK,Y
CA256,C1255,A2255,22684.78,PENDING,SAVINGS,2023-05-24,B1,OK,N
CA257,C1256,A2256,18914.86,PENDING,CURRENT,2025-05-27,B20,OK,N
CA258,C1257,A2257,841.0,ACTIVE,SAVINGS,2020-06-22,B5,OK,Y
CA259,C1258,A2258,34978.54,ACTIVE,SAVINGS,2020-06-21,B9,OK,Y
CA260,C1259,A2259,9591.3,PENDING,SAVINGS,2024-12-07,B10,OK,Y
CA261,C1260,A2260,16863.48,PENDING,SAVINGS,2025-02-23,B4,OK,N
CA262,C1261,A2261,23893.06,ACTIVE,SAVINGS,2024-06-26,B15,OK,Y
CA263,C1262,A2262,27485.19,PENDING,LOAN,2022-08-30,B19,OK,Y
CA264,C1263,A2263,36309.85,ACTIVE,CURRENT,2024-10-25,B10,OK,Y
CA265,C1264,A2264,31739.85,INACTIVE,LOAN,2024-03-02,B6,OK,N
CA266,C1265,A2265,28476.93,PENDING,CURRENT,2023-11-22,B5,OK,N
CA267,C1266,A2266,22109.56,ACTIVE,LOAN,2023-06-30,B1,OK,N
CA268,C1267,A2267,14883.9,INACTIVE,LOAN,2022-05-06,B14,OK,N
CA269,C1268,A2268,8637.27,PENDING,LOAN,2024-10-18,B13,OK,Y
CA270,C1269,A2269,9569.7,PENDING,CURRENT,2023-10-04,B17,OK,N
CA271,C1270,A2270,11715.81,PENDING,CURRENT,2024-03-30,B3,OK,N
CA272,C1271,A2271,5181.23,INACTIVE,SAVINGS,2025-03-01,B7,OK,N
CA273,C1272,A2272,27809.35,INACTIVE,CURRENT,2025-03-16,B3,OK,Y
CA274,C1273,A2273,19758.46,PENDING,CURRENT,2022-07-10,B10,OK,N
CA275,C1274,A2274,43052.34,PENDING,CURRENT,2021-05-04,B12,OK,N
CA276,C1275,A2275,49881.33,INACTIVE,LOAN,2020-02-11,B9,,Y
CA277,C1276,A2276,37720.07,PENDING,CURRENT,2025-02-06,B10,OK,Y
CA278,C1277,A2277,1935.4,PENDING,CURRENT,2022-04-11,B6,OK,Y
CA279,C1278,A2278,16733.69,INACTIVE,SAVINGS,2021-10-13,B10,OK,Y
CA280,C1279,A2279,25660.57,INACTIVE,CURRENT,2023-10-07,B17,OK,N
CA281,C1280,A2280,,INACTIVE,CURRENT,2022-09-10,B7,OK,N
CA282,C1281,A2281,41224.86,INACTIVE,CURRENT,2023-01-12,B11,OK,N
CA283,C1282,A2282,1380.85,INACTIVE,LOAN,2022-07-16,B15,OK,Y
CA284,C1283,A2283,12930.05,ACTIVE,SAVINGS,2023-10-29,B15,OK,Y
CA285,C1284,A2284,3554.49,ACTIVE,SAVINGS,2024-01-23,B18,OK,Y
CA286,C1285,A2285,299.28,ACTIVE,LOAN,2022-07-27,B16,OK,N
CA287,C1286,A2286,17696.88,ACTIVE,SAVINGS,2025-05-04,B6,OK,Y
CA288,C1287,A2287,41046.65,ACTIVE,LOAN,2020-06-10,B7,OK,Y
CA289,C1288,A2288,11916.61,INACTIVE,CURRENT,2021-05-04,B19,OK,Y
CA290,C1289,A2289,20327.89,PENDING,LOAN,2022-10-14,B7,OK,N
CA291,C1290,A2290,12906.76,PENDING,LOAN,2024-09-15,B10,OK,Y
CA292,C1291,A2291,46166.46,INACTIVE,SAVINGS,2022-05-29,B9,OK,N
CA293,C1292,A2292,4736.59,INACTIVE,CURRENT,2024-12-11,B6,OK,N
CA294,C1293,A2293,3995.27,ACTIVE,SAVINGS,2021-04-24,B2,OK,Y
CA295,C1294,A2294,13726.55,INACTIVE,LOAN,2025-02-03,B7,OK,Y
CA296,C1295,A2295,24001.24,PENDING,LOAN,2020-08-05,B8,OK,Y
CA297,C1296,A2296,25699.89,PENDING,CURRENT,2020-01-25,B3,OK,N
CA298,C1297,A2297,1885.27,INACTIVE,SAVINGS,2024-11-08,B14,OK,N
CA299,C1298,A2298,19688.81,INACTIVE,CURRENT,2022-02-04,B11,OK,N
CA300,C1299,A2299,38203.76,PENDING,CURRENT,2022-11-15,B5,OK,Y
CA301,C1300,A2300,48559.95,ACTIVE,CURRENT,2020-10-05,B3,,Y
CA302,C1301,A2301,35230.46,INACTIVE,CURRENT,2023-11-24,B19,OK,N
CA303,C1302,A2302,25244.2,INACTIVE,SAVINGS,2021-10-21,B6,OK,Y
CA304,C1303,A2303,29421.25,INACTIVE,CURRENT,2022-07-30,B20,OK,Y
CA305,C1304,A2304,27051.43,ACTIVE,SAVINGS,2024-02-28,B11,OK,Y
CA306,C1305,A2305,12218.15,INACTIVE,LOAN,2020-01-07,B16,OK,N
CA307,C1306,A2306,6816.43,PENDING,LOAN,2021-03-16,B11,OK,N
CA308,C1307,A2307,47313.25,PENDING,SAVINGS,2020-02-23,B17,OK,Y
CA309,C1308,A2308,12034.15,PENDING,LOAN,2021-01-14,B17,OK,Y
CA310,C1309,A2309,41065.73,PENDING,SAVINGS,2023-08-22,B8,OK,Y
CA311,C1310,A2310,48697.31,INACTIVE,CURRENT,2024-10-09,B11,OK,Y
CA312,C1311,A2311,34511.92,ACTIVE,LOAN,2023-08-06,B20,OK,N
CA313,C1312,A2312,16947.93,PENDING,CURRENT,2020-11-26,B8,OK,N
CA314,C1313,A2313,312.24,ACTIVE,CURRENT,2023-02-05,B14,OK,Y
CA315,C1314,A2314,14357.78,PENDING,SAVINGS,2023-07-07,B13,OK,Y
CA316,C1315,A2315,21421.38,PENDING,LOAN,2020-10-15,B7,OK,Y
CA317,C1316,A2316,15735.54,INACTIVE,CURRENT,2025-06-10,B3,OK,N
CA318,C1317,A2317,17684.02,ACTIVE,SAVINGS,2023-07-03,B14,OK,Y
CA319,C1318,A2318,40430.2,PENDING,CURRENT,2023-02-05,B5,OK,N
CA320,C1319,A2319,21022.55,INACTIVE,CURRENT,2025-03-31,B20,OK,Y
CA321,C1320,A2320,,PENDING,CURRENT,2023-03-14,B8,OK,Y
CA322,C1321,A2321,1292.26,INACTIVE,SAVINGS,2021-07-12,B14,OK,N
CA323,C1322,A2322,33324.75,INACTIVE,SAVINGS,2021-01-30,B19,OK,Y
CA324,C1323,A2323,24600.3,ACTIVE,SAVINGS,2023-10-30,B8,OK,Y
CA325,C1324,A2324,37639.76,INACTIVE,CURRENT,2022-09-09,B18,OK,N
CA326,C1325,A2325,17915.25,PENDING,SAVINGS,2022-08-20,B14,,N
CA327,C1326,A2326,43743.3,PENDING,SAVINGS,2025-02-21,B5,OK,Y
CA328,C1327,A2327,7566.21,PENDING,SAVINGS,2020-09-16,B11,OK,N
CA329,C1328,A2328,22682.68,INACTIVE,CURRENT,2020-07-27,B7,OK,Y
CA330,C1329,A2329,22853.93,INACTIVE,CURRENT,2021-02-17,B19,OK,N
CA331,C1330,A2330,31419.71,PENDING,SAVINGS,2022-08-08,B10,OK,Y
CA332,C1331,A2331,18892.4,PENDING,LOAN,2021-08-01,B6,OK,Y
CA333,C1332,A2332,21975.54,INACTIVE,LOAN,2021-09-14,B1,OK,N
CA334,C1333,A2333,23712.85,INACTIVE,LOAN,2022-09-16,B11,OK,Y
CA335,C1334,A2334,4017.63,PENDING,SAVINGS,2022-07-25,B14,OK,Y
CA336,C1335,A2335,36214.23,PENDING,CURRENT,2021-07-27,B5,OK,N
CA337,C1336,A2336,19161.66,ACTIVE,LOAN,2020-06-23,B15,OK,N
CA338,C1337,A2337,43770.27,PENDING,CURRENT,2021-08-06,B13,OK,N
CA339,C1338,A2338,5724.19,PENDING,SAVINGS,2020-02-15,B5,OK,Y
CA340,C1339,A2339,13095.73,ACTIVE,CURRENT,2024-03-27,B14,OK,N
CA341,C1340,A2340,41893.8,INACTIVE,LOAN,2021-03-19,B5,OK,Y
CA342,C1341,A2341,21002.38,INACTIVE,LOAN,2022-04-02,B8,OK,Y
CA343,C1342,A2342,10602.56,ACTIVE,CURRENT,2021-01-24,B19,OK,N
CA344,C1343,A2343,1874.97,ACTIVE,SAVINGS,2025-05-11,B1,OK,N
CA345,C1344,A2344,15617.8,ACTIVE,LOAN,2022-06-14,B20,OK,Y
CA346,C1345,A2345,45037.8,INACTIVE,LOAN,2020-02-21,B17,OK,N
CA347,C1346,A2346,33983.38,PENDING,LOAN,2025-04-17,B8,OK,Y
CA348,C1347,A2347,39853.99,ACTIVE,CURRENT,2022-05-13,B7,OK,Y
CA349,C1348,A2348,23405.34,ACTIVE,SAVINGS,2023-01-18,B6,OK,N
CA350,C1349,A2349,17810.32,ACTIVE,SAVINGS,2023-09-29,B10,OK,N
CA351,C1350,A2350,21508.78,PENDING,SAVINGS,2024-12-30,B13,,Y
CA352,C1351,A2351,21777.77,INACTIVE,CURRENT,2023-06-12,B12,OK,N
CA353,C1352,A2352,36505.32,INACTIVE,CURRENT,2024-01-12,B20,OK,Y
CA354,C1353,A2353,16596.0,ACTIVE,SAVINGS,2020-11-12,B10,OK,Y
CA355,C1354,A2354,4358.38,INACTIVE,CURRENT,2022-04-13,B20,OK,Y
CA356,C1355,A2355,25858.66,PENDING,CURRENT,2024-04-23,B13,OK,N
CA357,C1356,A2356,18138.78,INACTIVE,CURRENT,2022-08-27,B15,OK,N
CA358,C1357,A2357,13141.05,ACTIVE,CURRENT,2021-03-23,B17,OK,N
CA359,C1358,A2358,15161.54,ACTIVE,LOAN,2020-04-03,B11,OK,N
CA360,C1359,A2359,47783.31,PENDING,CURRENT,2020-08-04,B3,OK,Y
CA361,C1360,A2360,,INACTIVE,CURRENT,2021-08-06,B13,OK,Y
CA362,C1361,A2361,18416.74,INACTIVE,SAVINGS,2020-06-11,B15,OK,N
CA363,C1362,A2362,49168.01,INACTIVE,LOAN,2021-09-10,B4,OK,N
CA364,C1363,A2363,39956.86,ACTIVE,LOAN,2022-08-07,B16,OK,Y
CA365,C1364,A2364,14380.22,ACTIVE,SAVINGS,2022-09-10,B5,OK,N
CA366,C1365,A2365,2670.42,ACTIVE,SAVINGS,2020-07-13,B9,OK,Y
CA367,C1366,A2366,10385.83,ACTIVE,CURRENT,2023-03-24,B1,OK,Y
CA368,C1367,A2367,14506.05,ACTIVE,LOAN,2023-12-03,B15,OK,Y
CA369,C1368,A2368,9287.48,PENDING,LOAN,2023-07-12,B7,OK,Y
CA370,C1369,A2369,49314.23,INACTIVE,LOAN,2022-07-20,B20,OK,Y
CA371,C1370,A2370,3465.45,ACTIVE,CURRENT,2025-02-21,B12,OK,N
CA372,C1371,A2371,1639.81,ACTIVE,LOAN,2022-12-14,B6,OK,Y
CA373,C1372,A2372,23212.32,PENDING,CURRENT,2023-11-18,B14,OK,Y
CA374,C1373,A2373,28705.92,ACTIVE,SAVINGS,2021-08-19,B19,OK,Y
CA375,C1374,A2374,30174.63,ACTIVE,CURRENT,2022-06-29,B5,OK,Y
CA376,C1375,A2375,36454.54,INACTIVE,SAVINGS,2020-07-31,B5,,Y
CA377,C1376,A2376,33109.66,INACTIVE,SAVINGS,2025-04-08,B18,OK,N
CA378,C1377,A2377,39628.35,PENDING,LOAN,2021-08-04,B17,OK,Y
CA379,C1378,A2378,46821.45,ACTIVE,SAVINGS,2022-02-28,B15,OK,Y
CA380,C1379,A2379,33870.77,PENDING,CURRENT,2021-03-17,B19,OK,Y
CA381,C1380,A2380,35947.24,ACTIVE,LOAN,2023-10-24,B5,OK,N
CA382,C1381,A2381,46641.01,ACTIVE,CURRENT,2022-03-10,B14,OK,Y
CA383,C1382,A2382,47978.9,PENDING,SAVINGS,2020-12-22,B17,OK,Y
CA384,C1383,A2383,23206.73,PENDING,SAVINGS,2023-06-19,B18,OK,Y
CA385,C1384,A2384,998.41,INACTIVE,SAVINGS,2022-01-14,B3,OK,N
CA386,C1385,A2385,20993.42,INACTIVE,LOAN,2022-08-29,B14,OK,N
CA387,C1386,A2386,4068.98,PENDING,CURRENT,2022-08-28,B16,OK,N
CA388,C1387,A2387,47023.94,INACTIVE,CURRENT,2021-08-27,B5,OK,N
CA389,C1388,A2388,49639.88,ACTIVE,SAVINGS,2021-02-10,B16,OK,Y
CA390,C1389,A2389,40571.12,ACTIVE,CURRENT,2021-09-08,B6,OK,Y
CA391,C1390,A2390,36244.14,PENDING,SAVINGS,2021-04-29,B12,OK,N
CA392,C1391,A2391,28421.63,PENDING,CURRENT,2021-11-22,B14,OK,Y
CA393,C1392,A2392,30475.87,ACTIVE,LOAN,2023-04-25,B8,OK,Y
CA394,C1393,A2393,29319.84,INACTIVE,SAVINGS,2021-03-20,B12,OK,Y
CA395,C1394,A2394,4248.57,ACTIVE,LOAN,2021-03-16,B20,OK,N
CA396,C1395,A2395,6413.52,PENDING,SAVINGS,2022-01-31,B14,OK,Y
CA397,C1396,A2396,6655.07,INACTIVE,CURRENT,2020-08-12,B15,OK,N
CA398,C1397,A2397,12728.53,INACTIVE,CURRENT,2020-01-28,B10,OK,N
CA399,C1398,A2398,36045.37,INACTIVE,CURRENT,2023-01-20,B16,OK,Y
CA400,C1399,A2399,49308.48,PENDING,CURRENT,2025-01-01,B2,OK,Y
CA401,C1400,A2400,,PENDING,CURRENT,2022-10-07,B5,,Y
CA402,C1401,A2401,29680.32,PENDING,LOAN,2024-05-21,B4,OK,N
CA403,C1402,A2402,5831.25,PENDING,SAVINGS,2025-02-08,B8,OK,N
CA404,C1403,A2403,13749.84,PENDING,SAVINGS,2020-04-23,B14,OK,N
CA405,C1404,A2404,45820.49,INACTIVE,CURRENT,2020-06-10,B17,OK,Y
CA406,C1405,A2405,48175.63,ACTIVE,CURRENT,2020-05-01,B20,OK,Y
CA407,C1406,A2406,13523.51,ACTIVE,SAVINGS,2022-08-19,B7,OK,Y
CA408,C1407,A2407,49600.1,ACTIVE,SAVINGS,2024-02-05,B15,OK,N
CA409,C1408,A2408,10062.39,PENDING,CURRENT,2025-06-08,B5,OK,N
CA410,C1409,A2409,25884.88,INACTIVE,LOAN,2024-02-19,B5,OK,Y
CA411,C1410,A2410,11140.73,PENDING,LOAN,2021-05-02,B3,OK,Y
CA412,C1411,A2411,27901.56,ACTIVE,SAVINGS,2025-02-15,B5,OK,Y
CA413,C1412,A2412,42573.28,PENDING,CURRENT,2024-05-19,B20,OK,Y
CA414,C1413,A2413,1063.49,ACTIVE,CURRENT,2020-07-07,B10,OK,N
CA415,C1414,A2414,41515.45,INACTIVE,LOAN,2021-09-01,B17,OK,N
CA416,C1415,A2415,35677.99,PENDING,SAVINGS,2023-08-05,B2,OK,Y
CA417,C1416,A2416,13262.06,PENDING,CURRENT,2025-04-15,B12,OK,N
CA418,C1417,A2417,31052.46,INACTIVE,SAVINGS,2021-02-02,B18,OK,Y
CA419,C1418,A2418,38613.61,PENDING,LOAN,2023-05-17,B17,OK,N
CA420,C1419,A2419,12532.5,INACTIVE,LOAN,2023-11-24,B8,OK,N
CA421,C1420,A2420,36212.8,ACTIVE,LOAN,2021-04-12,B9,OK,Y
CA422,C1421,A2421,23905.45,INACTIVE,LOAN,2022-02-03,B18,OK,N
CA423,C1422,A2422,28799.04,PENDING,LOAN,2021-06-29,B14,OK,Y
CA424,C1423,A2423,26379.31,PENDING,LOAN,2023-04-22,B6,OK,Y
CA425,C1424,A2424,8531.61,ACTIVE,SAVINGS,2022-01-18,B7,OK,Y
CA426,C1425,A2425,21363.26,PENDING,LOAN,2024-10-13,B3,,Y
CA427,C1426,A2426,38810.15,INACTIVE,SAVINGS,2022-09-03,B13,OK,N
CA428,C1427,A2427,45966.08,PENDING,LOAN,2024-06-15,B9,OK,N
CA429,C1428,A2428,29328.82,ACTIVE,SAVINGS,2022-05-31,B4,OK,Y
CA430,C1429,A2429,21170.53,INACTIVE,SAVINGS,2023-02-25,B13,OK,Y
CA431,C1430,A2430,26565.62,ACTIVE,LOAN,2024-02-17,B15,OK,Y
CA432,C1431,A2431,36990.44,ACTIVE,SAVINGS,2022-02-16,B9,OK,Y
CA433,C1432,A2432,27193.83,ACTIVE,LOAN,2023-01-22,B11,OK,N
CA434,C1433,A2433,37967.71,INACTIVE,LOAN,2020-11-05,B4,OK,N
CA435,C1434,A2434,35475.78,ACTIVE,SAVINGS,2025-04-05,B9,OK,Y
CA436,C1435,A2435,6861.86,ACTIVE,LOAN,2020-01-25,B17,OK,N
CA437,C1436,A2436,44824.18,ACTIVE,LOAN,2023-01-18,B10,OK,N
CA438,C1437,A2437,40877.76,PENDING,LOAN,2021-11-19,B6,OK,N
CA439,C1438,A2438,30131.46,ACTIVE,LOAN,2023-09-01,B2,OK,N
CA440,C1439,A2439,11402.24,INACTIVE,LOAN,2023-12-11,B9,OK,Y
CA441,C1440,A2440,,PENDING,CURRENT,2023-03-16,B4,OK,Y
CA442,C1441,A2441,2810.25,INACTIVE,LOAN,2024-10-29,B10,OK,Y
CA443,C1442,A2442,24199.52,PENDING,CURRENT,2023-12-29,B13,OK,N
CA444,C1443,A2443,27232.49,PENDING,CURRENT,2020-04-03,B9,OK,N
CA445,C1444,A2444,45162.77,INACTIVE,SAVINGS,2020-01-13,B7,OK,N
CA446,C1445,A2445,47764.69,INACTIVE,LOAN,2021-07-16,B10,OK,N
CA447,C1446,A2446,32073.38,INACTIVE,LOAN,2024-04-19,B19,OK,N
CA448,C1447,A2447,14084.17,PENDING,LOAN,2020-05-14,B5,OK,N
CA449,C1448,A2448,38244.46,INACTIVE,SAVINGS,2024-07-28,B1,OK,Y
CA450,C1449,A2449,25879.39,INACTIVE,LOAN,2024-01-25,B6,OK,Y
CA451,C1450,A2450,5318.23,PENDING,LOAN,2024-04-03,B19,,N
CA452,C1451,A2451,35262.9,INACTIVE,SAVINGS,2021-02-24,B10,OK,Y
CA453,C1452,A2452,31956.83,INACTIVE,LOAN,2022-08-09,B15,OK,Y
CA454,C1453,A2453,17555.13,PENDING,LOAN,2020-11-16,B3,OK,N
CA455,C1454,A2454,9709.68,INACTIVE,CURRENT,2022-03-17,B11,OK,Y
CA456,C1455,A2455,28611.82,INACTIVE,SAVINGS,2024-04-29,B19,OK,N
CA457,C1456,A2456,38861.98,PENDING,CURRENT,2024-07-18,B12,OK,Y
CA458,C1457,A2457,16831.99,INACTIVE,CURRENT,2024-03-30,B10,OK,N
CA459,C1458,A2458,45866.53,PENDING,CURRENT,2022-10-29,B6,OK,Y
CA460,C1459,A2459,49467.14,INACTIVE,CURRENT,2025-05-20,B2,OK,N
CA461,C1460,A2460,38167.7,ACTIVE,CURRENT,2024-11-28,B2,OK,N
CA462,C1461,A2461,26877.26,PENDING,SAVINGS,2021-03-29,B8,OK,N
CA463,C1462,A2462,5019.18,ACTIVE,SAVINGS,2025-01-15,B12,OK,Y
CA464,C1463,A2463,44553.45,INACTIVE,LOAN,2022-08-12,B15,OK,Y
CA465,C1464,A2464,23465.53,PENDING,SAVINGS,2020-02-25,B13,OK,N
CA466,C1465,A2465,27914.27,ACTIVE,LOAN,2023-11-04,B2,OK,N
CA467,C1466,A2466,47533.12,ACTIVE,CURRENT,2023-07-22,B6,OK,Y
CA468,C1467,A2467,1795.23,PENDING,LOAN,2021-05-12,B6,OK,Y
CA469,C1468,A2468,8905.47,INACTIVE,SAVINGS,2024-08-16,B9,OK,Y
CA470,C1469,A2469,46735.75,PENDING,CURRENT,2020-06-25,B1,OK,N
CA471,C1470,A2470,10797.97,INACTIVE,LOAN,2022-02-06,B8,OK,Y
CA472,C1471,A2471,9330.51,INACTIVE,CURRENT,2021-09-25,B2,OK,Y
CA473,C1472,A2472,18718.08,INACTIVE,SAVINGS,2022-09-25,B3,OK,N
CA474,C1473,A2473,49251.02,INACTIVE,SAVINGS,2020-12-31,B11,OK,N
CA475,C1474,A2474,32227.68,INACTIVE,SAVINGS,2022-10-08,B3,OK,N
CA476,C1475,A2475,16938.37,PENDING,SAVINGS,2024-04-01,B13,,Y
CA477,C1476,A2476,11112.43,INACTIVE,SAVINGS,2023-01-25,B19,OK,Y
CA478,C1477,A2477,12454.29,PENDING,LOAN,2022-01-09,B2,OK,N
CA479,C1478,A2478,30544.83,PENDING,LOAN,2024-02-11,B5,OK,Y
CA480,C1479,A2479,11627.22,INACTIVE,SAVINGS,2021-10-28,B5,OK,Y
CA481,C1480,A2480,,ACTIVE,LOAN,2024-10-09,B8,OK,Y
CA482,C1481,A2481,17230.4,ACTIVE,SAVINGS,2021-06-27,B17,OK,N
CA483,C1482,A2482,26025.11,PENDING,LOAN,2023-11-04,B10,OK,Y
CA484,C1483,A2483,42500.09,PENDING,CURRENT,2025-03-18,B15,OK,N
CA485,C1484,A2484,47647.44,INACTIVE,LOAN,2020-08-08,B5,OK,Y
CA486,C1485,A2485,25782.32,PENDING,LOAN,2023-11-22,B6,OK,N
CA487,C1486,A2486,23104.27,INACTIVE,SAVINGS,2022-06-22,B14,OK,N
CA488,C1487,A2487,30141.72,PENDING,SAVINGS,2020-01-16,B12,OK,N
CA489,C1488,A2488,4949.67,INACTIVE,SAVINGS,2020-03-27,B4,OK,Y
CA490,C1489,A2489,32170.39,INACTIVE,LOAN,2025-03-06,B1,OK,Y
CA491,C1490,A2490,22776.36,PENDING,SAVINGS,2021-07-06,B13,OK,Y
CA492,C1491,A2491,4860.99,ACTIVE,LOAN,2020-08-29,B18,OK,N
CA493,C1492,A2492,12032.3,ACTIVE,CURRENT,2024-10-05,B15,OK,Y
CA494,C1493,A2493,16754.26,ACTIVE,CURRENT,2020-08-14,B8,OK,Y
CA495,C1494,A2494,35810.75,ACTIVE,CURRENT,2023-08-15,B16,OK,Y
CA496,C1495,A2495,13921.52,ACTIVE,SAVINGS,2020-07-22,B10,OK,Y
CA497,C1496,A2496,48431.52,ACTIVE,LOAN,2020-03-08,B17,OK,Y
CA498,C1497,A2497,9950.48,ACTIVE,LOAN,2022-06-11,B18,OK,N
CA499,C1498,A2498,11460.35,PENDING,LOAN,2020-05-09,B1,OK,N
CA500,C1499,A2499,42237.62,PENDING,LOAN,2021-06-20,B3,OK,Y
