customer_id,name,gender,dob,phone,email,city,state,kyc_status,created_date
C1000,Customer0,M,1980-01-01,,,Hyderabad,State,N,2020-08-29
C1001,Customer1,F,1981-01-01,9917077201,user1@mail.com,Pune,State,N,2023-08-27
C1002,Customer2,F,1982-01-01,9946885253,user2@mail.com,Delhi,State,Y,2022-09-26
C1003,Customer3,M,1983-01-01,9997395948,user3@mail.com,Pune,State,N,2023-05-29
C1004,Customer4,M,1984-01-01,9847144854,user4@mail.com,Pune,State,N,2024-01-17
C1005,Customer5,M,1985-01-01,9734746160,user5@mail.com,Hyderabad,State,N,2020-03-03
C1006,Customer6,M,1986-01-01,9127322286,user6@mail.com,Hyderabad,State,N,2023-11-06
C1007,Customer7,M,1987-01-01,9553244221,user7@mail.com,Hyderabad,State,Y,2024-04-13
C1008,Customer8,F,1988-01-01,9632374341,user8@mail.com,Delhi,State,N,2021-04-17
C1009,Customer9,,1989-01-01,9334914346,user9@mail.com,Pune,State,N,2025-03-12
C1010,Customer10,M,1980-01-01,9546869806,user10@mail.com,Hyderabad,State,Y,2023-07-12
C1011,Customer11,,1981-01-01,9418246764,user11@mail.com,Hyderabad,State,N,2025-01-08
C1012,Customer12,,1982-01-01,9863636349,user12@mail.com,Pune,State,Y,2021-09-13
C1013,Customer13,F,1983-01-01,9730909864,user13@mail.com,Pune,State,N,2023-04-21
C1014,Customer14,M,1984-01-01,9615639791,user14@mail.com,Delhi,State,N,2022-04-28
C1015,Customer15,,1985-01-01,9285765286,user15@mail.com,Mumbai,State,N,2020-06-26
C1016,Customer16,F,1986-01-01,9812704513,user16@mail.com,Hyderabad,State,Y,2022-12-02
C1017,Customer17,F,1987-01-01,9497845686,user17@mail.com,Pune,State,Y,2022-08-19
C1018,Customer18,M,1988-01-01,9431280949,user18@mail.com,Pune,State,Y,2020-12-11
C1019,Customer19,,1989-01-01,9343672113,user19@mail.com,Hyderabad,State,Y,2023-01-10
C1020,Customer20,,1980-01-01,9349297217,user20@mail.com,Pune,State,N,2025-05-04
C1021,Customer21,,1981-01-01,9479325246,user21@mail.com,Pune,State,N,2023-09-12
C1022,Customer22,,1982-01-01,9753849522,user22@mail.com,Hyderabad,State,N,2024-05-23
C1023,Customer23,,1983-01-01,9650292614,user23@mail.com,Delhi,State,Y,2022-05-22
C1024,Customer24,M,1984-01-01,9616579138,user24@mail.com,Mumbai,State,Y,2025-04-11
C1025,Customer25,,1985-01-01,9543884919,user25@mail.com,Pune,State,N,2022-04-28
C1026,Customer26,F,1986-01-01,9101701610,user26@mail.com,Mumbai,State,N,2023-05-13
C1027,Customer27,M,1987-01-01,9963899905,user27@mail.com,Delhi,State,Y,2023-02-01
C1028,Customer28,,1988-01-01,9294115331,user28@mail.com,Hyderabad,State,N,2020-03-07
C1029,Customer29,,1989-01-01,9175648841,,Hyderabad,State,Y,2022-07-16
C1030,Customer30,M,1980-01-01,9909757328,user30@mail.com,Mumbai,State,Y,2021-07-04
C1031,Customer31,M,1981-01-01,9956081167,user31@mail.com,Delhi,State,N,2021-08-17
C1032,Customer32,M,1982-01-01,9279819878,user32@mail.com,Delhi,State,N,2022-12-16
C1033,Customer33,M,1983-01-01,9805079554,user33@mail.com,Mumbai,State,N,2022-07-20
C1034,Customer34,,1984-01-01,9445746760,user34@mail.com,Pune,State,N,2020-08-21
C1035,Customer35,M,1985-01-01,9435012742,user35@mail.com,Pune,State,N,2022-05-12
C1036,Customer36,M,1986-01-01,9377477256,user36@mail.com,Hyderabad,State,N,2025-01-16
C1037,Customer37,,1987-01-01,,user37@mail.com,Delhi,State,N,2024-07-31
C1038,Customer38,M,1988-01-01,9341993509,user38@mail.com,Hyderabad,State,N,2020-10-26
C1039,Customer39,M,1989-01-01,9871843706,user39@mail.com,Delhi,State,N,2023-12-14
C1040,Customer40,,1980-01-01,9828185719,user40@mail.com,Pune,State,Y,2025-06-23
C1041,Customer41,,1981-01-01,9956642881,user41@mail.com,Pune,State,Y,2022-12-08
C1042,Customer42,,1982-01-01,9132964169,user42@mail.com,Pune,State,N,2023-09-13
C1043,Customer43,,1983-01-01,9557735475,user43@mail.com,Hyderabad,State,N,2020-09-14
C1044,Customer44,M,1984-01-01,9150938496,user44@mail.com,Mumbai,State,Y,2024-10-24
C1045,Customer45,M,1985-01-01,9433250405,user45@mail.com,Mumbai,State,Y,2022-05-02
C1046,Customer46,,1986-01-01,9370967454,user46@mail.com,Delhi,State,Y,2023-02-22
C1047,Customer47,M,1987-01-01,9734134709,user47@mail.com,Delhi,State,N,2020-12-17
C1048,Customer48,,1988-01-01,9768901227,user48@mail.com,Hyderabad,State,N,2021-02-14
C1049,Customer49,F,1989-01-01,9206327675,user49@mail.com,Delhi,State,N,2023-04-26
C1050,Customer50,M,1980-01-01,9628657595,user50@mail.com,Hyderabad,State,N,2021-08-29
C1051,Customer51,,1981-01-01,9636656080,user51@mail.com,Hyderabad,State,N,2023-06-07
C1052,Customer52,F,1982-01-01,9402099104,user52@mail.com,Hyderabad,State,Y,2021-02-15
C1053,Customer53,F,1983-01-01,9970953935,user53@mail.com,Delhi,State,N,2022-05-29
C1054,Customer54,M,1984-01-01,9386190257,user54@mail.com,Hyderabad,State,N,2025-03-24
C1055,Customer55,,1985-01-01,9469205927,user55@mail.com,Pune,State,Y,2020-05-13
C1056,Customer56,,1986-01-01,9143379661,user56@mail.com,Hyderabad,State,Y,2020-12-13
C1057,Customer57,M,1987-01-01,9677897235,user57@mail.com,Delhi,State,N,2024-04-03
C1058,Customer58,F,1988-01-01,9744469321,,Mumbai,State,N,2021-11-24
C1059,Customer59,F,1989-01-01,9222313058,user59@mail.com,Mumbai,State,Y,2024-11-11
C1060,Customer60,,1980-01-01,9937024529,user60@mail.com,Pune,State,Y,2023-04-02
C1061,Customer61,,1981-01-01,9927053039,user61@mail.com,Hyderabad,State,N,2020-03-21
C1062,Customer62,F,1982-01-01,9178590834,user62@mail.com,Pune,State,Y,2024-08-23
C1063,Customer63,M,1983-01-01,9466035865,user63@mail.com,Hyderabad,State,N,2020-06-05
C1064,Customer64,,1984-01-01,9690853021,user64@mail.com,Delhi,State,Y,2025-05-04
C1065,Customer65,F,1985-01-01,9491799586,user65@mail.com,Mumbai,State,Y,2022-07-26
C1066,Customer66,F,1986-01-01,9215674943,user66@mail.com,Hyderabad,State,N,2020-01-26
C1067,Customer67,,1987-01-01,9819849018,user67@mail.com,Hyderabad,State,Y,2022-04-26
C1068,Customer68,M,1988-01-01,9987039576,user68@mail.com,Hyderabad,State,Y,2021-05-05
C1069,Customer69,,1989-01-01,9552059901,user69@mail.com,Delhi,State,Y,2022-07-12
C1070,Customer70,M,1980-01-01,9831100114,user70@mail.com,Delhi,State,Y,2024-03-03
C1071,Customer71,M,1981-01-01,9567188110,user71@mail.com,Pune,State,N,2023-01-31
C1072,Customer72,F,1982-01-01,9864086435,user72@mail.com,Pune,State,N,2020-07-24
C1073,Customer73,M,1983-01-01,9800133575,user73@mail.com,Mumbai,State,Y,2020-02-25
C1074,Customer74,M,1984-01-01,,user74@mail.com,Mumbai,State,N,2022-07-10
C1075,Customer75,F,1985-01-01,9436382766,user75@mail.com,Pune,State,Y,2020-05-11
C1076,Customer76,F,1986-01-01,9745798691,user76@mail.com,Pune,State,Y,2021-05-27
C1077,Customer77,M,1987-01-01,9943032949,user77@mail.com,Pune,State,N,2021-06-14
C1078,Customer78,M,1988-01-01,9681541005,user78@mail.com,Delhi,State,N,2021-02-11
C1079,Customer79,M,1989-01-01,9487044830,user79@mail.com,Hyderabad,State,N,2020-07-02
C1080,Customer80,F,1980-01-01,9197161220,user80@mail.com,Mumbai,State,Y,2022-03-10
C1081,Customer81,F,1981-01-01,9144079525,user81@mail.com,Mumbai,State,Y,2021-10-10
C1082,Customer82,,1982-01-01,9425139044,user82@mail.com,Delhi,State,N,2020-07-25
C1083,Customer83,,1983-01-01,9756476890,user83@mail.com,Hyderabad,State,Y,2021-03-26
C1084,Customer84,M,1984-01-01,9967866178,user84@mail.com,Delhi,State,N,2020-05-28
C1085,Customer85,F,1985-01-01,9691851598,user85@mail.com,Hyderabad,State,Y,2020-02-14
C1086,Customer86,,1986-01-01,9110648257,user86@mail.com,Mumbai,State,N,2022-10-07
C1087,Customer87,F,1987-01-01,9265549087,,Hyderabad,State,N,2020-06-06
C1088,Customer88,,1988-01-01,9814304008,user88@mail.com,Delhi,State,Y,2024-05-08
C1089,Customer89,M,1989-01-01,9251975458,user89@mail.com,Mumbai,State,N,2020-08-06
C1090,Customer90,,1980-01-01,9652287967,user90@mail.com,Mumbai,State,Y,2025-01-04
C1091,Customer91,M,1981-01-01,9252128435,user91@mail.com,Hyderabad,State,N,2024-08-08
C1092,Customer92,,1982-01-01,9963134105,user92@mail.com,Delhi,State,Y,2021-09-04
C1093,Customer93,F,1983-01-01,9677127977,user93@mail.com,Delhi,State,Y,2024-01-03
C1094,Customer94,,1984-01-01,9365533014,user94@mail.com,Mumbai,State,Y,2023-10-28
C1095,Customer95,F,1985-01-01,9967854655,user95@mail.com,Pune,State,N,2023-01-13
C1096,Customer96,F,1986-01-01,9677737426,user96@mail.com,Pune,State,Y,2022-03-21
C1097,Customer97,F,1987-01-01,9284165629,user97@mail.com,Mumbai,State,N,2020-02-19
C1098,Customer98,,1988-01-01,9547410910,user98@mail.com,Hyderabad,State,Y,2023-11-17
C1099,Customer99,F,1989-01-01,9722846032,user99@mail.com,Delhi,State,Y,2020-10-10
C1100,Customer100,F,1980-01-01,9990061514,user100@mail.com,Mumbai,State,N,2023-03-01
C1101,Customer101,F,1981-01-01,9284870662,user101@mail.com,Hyderabad,State,Y,2022-09-22
C1102,Customer102,M,1982-01-01,9290673047,user102@mail.com,Mumbai,State,N,2025-03-19
C1103,Customer103,,1983-01-01,9786240044,user103@mail.com,Delhi,State,Y,2021-10-02
C1104,Customer104,F,1984-01-01,9837606260,user104@mail.com,Pune,State,Y,2023-12-30
C1105,Customer105,F,1985-01-01,9461798912,user105@mail.com,Mumbai,State,Y,2020-04-08
C1106,Customer106,M,1986-01-01,9919473645,user106@mail.com,Mumbai,State,Y,2022-11-13
C1107,Customer107,M,1987-01-01,9434794881,user107@mail.com,Mumbai,State,N,2024-10-04
C1108,Customer108,,1988-01-01,9499017855,user108@mail.com,Delhi,State,N,2023-05-02
C1109,Customer109,M,1989-01-01,9232332126,user109@mail.com,Pune,State,Y,2020-11-15
C1110,Customer110,F,1980-01-01,9558222419,user110@mail.com,Delhi,State,Y,2022-10-10
C1111,Customer111,,1981-01-01,,user111@mail.com,Pune,State,N,2022-02-25
C1112,Customer112,,1982-01-01,9276950670,user112@mail.com,Hyderabad,State,Y,2024-07-12
C1113,Customer113,F,1983-01-01,9774791441,user113@mail.com,Hyderabad,State,N,2024-02-18
C1114,Customer114,M,1984-01-01,9249385574,user114@mail.com,Hyderabad,State,N,2024-10-08
C1115,Customer115,M,1985-01-01,9510548739,user115@mail.com,Pune,State,N,2020-12-03
C1116,Customer116,F,1986-01-01,9570437381,,Delhi,State,N,2025-05-18
C1117,Customer117,M,1987-01-01,9227975781,user117@mail.com,Pune,State,N,2025-02-05
C1118,Customer118,M,1988-01-01,9809216897,user118@mail.com,Mumbai,State,N,2021-05-23
C1119,Customer119,F,1989-01-01,9904851971,user119@mail.com,Hyderabad,State,Y,2022-12-18
C1120,Customer120,F,1980-01-01,9721785238,user120@mail.com,Hyderabad,State,Y,2023-07-09
C1121,Customer121,,1981-01-01,9360102348,user121@mail.com,Mumbai,State,Y,2020-12-20
C1122,Customer122,F,1982-01-01,9259354502,user122@mail.com,Delhi,State,N,2021-09-29
C1123,Customer123,,1983-01-01,9913273174,user123@mail.com,Mumbai,State,N,2024-06-08
C1124,Customer124,M,1984-01-01,9685594101,user124@mail.com,Mumbai,State,N,2022-05-10
C1125,Customer125,M,1985-01-01,9925779816,user125@mail.com,Delhi,State,N,2021-02-23
C1126,Customer126,F,1986-01-01,9970333908,user126@mail.com,Hyderabad,State,Y,2020-08-29
C1127,Customer127,,1987-01-01,9902369937,user127@mail.com,Hyderabad,State,N,2025-05-30
C1128,Customer128,,1988-01-01,9917188030,user128@mail.com,Delhi,State,Y,2022-10-21
C1129,Customer129,F,1989-01-01,9714801253,user129@mail.com,Mumbai,State,N,2022-10-27
C1130,Customer130,,1980-01-01,9483131226,user130@mail.com,Mumbai,State,Y,2020-09-10
C1131,Customer131,F,1981-01-01,9870911894,user131@mail.com,Pune,State,N,2021-09-16
C1132,Customer132,,1982-01-01,9528855438,user132@mail.com,Mumbai,State,N,2020-08-19
C1133,Customer133,,1983-01-01,9505400045,user133@mail.com,Pune,State,Y,2023-02-14
C1134,Customer134,M,1984-01-01,9398093546,user134@mail.com,Delhi,State,N,2023-05-15
C1135,Customer135,,1985-01-01,9539123186,user135@mail.com,Mumbai,State,Y,2022-07-09
C1136,Customer136,,1986-01-01,9818161933,user136@mail.com,Delhi,State,N,2022-12-13
C1137,Customer137,M,1987-01-01,9828585557,user137@mail.com,Pune,State,N,2025-06-10
C1138,Customer138,F,1988-01-01,9460788205,user138@mail.com,Hyderabad,State,N,2024-03-07
C1139,Customer139,M,1989-01-01,9787576373,user139@mail.com,Mumbai,State,Y,2022-04-13
C1140,Customer140,,1980-01-01,9775664967,user140@mail.com,Delhi,State,N,2024-05-21
C1141,Customer141,F,1981-01-01,9291288264,user141@mail.com,Hyderabad,State,Y,2021-12-16
C1142,Customer142,F,1982-01-01,9957165270,user142@mail.com,Pune,State,N,2020-11-07
C1143,Customer143,F,1983-01-01,9994400407,user143@mail.com,Mumbai,State,N,2020-12-13
C1144,Customer144,F,1984-01-01,9647958859,user144@mail.com,Hyderabad,State,N,2022-11-11
C1145,Customer145,M,1985-01-01,9899666718,,Pune,State,Y,2021-12-28
C1146,Customer146,M,1986-01-01,9805280380,user146@mail.com,Pune,State,Y,2020-12-02
C1147,Customer147,,1987-01-01,9862618747,user147@mail.com,Delhi,State,Y,2022-04-03
C1148,Customer148,,1988-01-01,,user148@mail.com,Mumbai,State,N,2021-03-03
C1149,Customer149,,1989-01-01,9323025120,user149@mail.com,Delhi,State,N,2021-07-05
C1150,Customer150,M,1980-01-01,9180406912,user150@mail.com,Mumbai,State,N,2022-11-13
C1151,Customer151,,1981-01-01,9891053187,user151@mail.com,Hyderabad,State,Y,2021-08-31
C1152,Customer152,,1982-01-01,9889293053,user152@mail.com,Mumbai,State,N,2023-06-02
C1153,Customer153,,1983-01-01,9349230377,user153@mail.com,Pune,State,N,2020-12-18
C1154,Customer154,F,1984-01-01,9948006532,user154@mail.com,Mumbai,State,N,2024-01-06
C1155,Customer155,M,1985-01-01,9377849524,user155@mail.com,Delhi,State,Y,2024-10-10
C1156,Customer156,,1986-01-01,9532286777,user156@mail.com,Mumbai,State,N,2025-03-26
C1157,Customer157,M,1987-01-01,9943329664,user157@mail.com,Mumbai,State,Y,2020-05-28
C1158,Customer158,,1988-01-01,9886326438,user158@mail.com,Delhi,State,N,2023-04-05
C1159,Customer159,,1989-01-01,9259107141,user159@mail.com,Mumbai,State,N,2022-12-14
C1160,Customer160,M,1980-01-01,9248841808,user160@mail.com,Delhi,State,N,2022-01-09
C1161,Customer161,F,1981-01-01,9906784168,user161@mail.com,Pune,State,Y,2020-08-25
C1162,Customer162,,1982-01-01,9321393934,user162@mail.com,Mumbai,State,Y,2020-08-05
C1163,Customer163,M,1983-01-01,9526283938,user163@mail.com,Mumbai,State,N,2025-03-16
C1164,Customer164,M,1984-01-01,9300533381,user164@mail.com,Hyderabad,State,Y,2024-07-15
C1165,Customer165,,1985-01-01,9125000390,user165@mail.com,Delhi,State,Y,2022-10-09
C1166,Customer166,,1986-01-01,9667511439,user166@mail.com,Pune,State,N,2023-09-19
C1167,Customer167,F,1987-01-01,9226773587,user167@mail.com,Delhi,State,Y,2021-03-30
C1168,Customer168,F,1988-01-01,9350415975,user168@mail.com,Pune,State,N,2022-02-12
C1169,Customer169,M,1989-01-01,9348804573,user169@mail.com,Delhi,State,N,2022-08-05
C1170,Customer170,,1980-01-01,9722698045,user170@mail.com,Pune,State,Y,2022-07-14
C1171,Customer171,,1981-01-01,9376891098,user171@mail.com,Mumbai,State,N,2023-04-30
C1172,Customer172,M,1982-01-01,9329617216,user172@mail.com,Hyderabad,State,Y,2020-02-01
C1173,Customer173,M,1983-01-01,9615823896,user173@mail.com,Mumbai,State,N,2024-10-02
C1174,Customer174,,1984-01-01,9408395241,,Delhi,State,N,2020-11-23
C1175,Customer175,,1985-01-01,9263501973,user175@mail.com,Hyderabad,State,Y,2022-03-04
C1176,Customer176,M,1986-01-01,9813835605,user176@mail.com,Hyderabad,State,N,2021-06-04
C1177,Customer177,M,1987-01-01,9185382286,user177@mail.com,Pune,State,N,2025-01-29
C1178,Customer178,M,1988-01-01,9138085235,user178@mail.com,Hyderabad,State,Y,2020-03-28
C1179,Customer179,F,1989-01-01,9938370833,user179@mail.com,Hyderabad,State,N,2020-07-05
C1180,Customer180,M,1980-01-01,9129659851,user180@mail.com,Pune,State,Y,2024-03-04
C1181,Customer181,F,1981-01-01,9837415150,user181@mail.com,Delhi,State,N,2022-03-09
C1182,Customer182,F,1982-01-01,9777598766,user182@mail.com,Mumbai,State,N,2023-08-07
C1183,Customer183,,1983-01-01,9361017764,user183@mail.com,Delhi,State,Y,2023-04-19
C1184,Customer184,,1984-01-01,9288201748,user184@mail.com,Mumbai,State,N,2023-05-24
C1185,Customer185,,1985-01-01,,user185@mail.com,Hyderabad,State,N,2023-01-25
C1186,Customer186,F,1986-01-01,9677774471,user186@mail.com,Delhi,State,N,2025-02-26
C1187,Customer187,,1987-01-01,9175252504,user187@mail.com,Mumbai,State,Y,2021-05-30
C1188,Customer188,M,1988-01-01,9203688194,user188@mail.com,Delhi,State,Y,2025-02-24
C1189,Customer189,M,1989-01-01,9559670837,user189@mail.com,Hyderabad,State,Y,2023-07-28
C1190,Customer190,M,1980-01-01,9973012018,user190@mail.com,Pune,State,N,2020-07-22
C1191,Customer191,F,1981-01-01,9143076308,user191@mail.com,Delhi,State,Y,2022-06-26
C1192,Customer192,,1982-01-01,9237657055,user192@mail.com,Pune,State,N,2020-02-20
C1193,Customer193,,1983-01-01,9663187851,user193@mail.com,Mumbai,State,Y,2021-05-27
C1194,Customer194,F,1984-01-01,9192111247,user194@mail.com,Mumbai,State,Y,2024-10-26
C1195,Customer195,F,1985-01-01,9162451570,user195@mail.com,Mumbai,State,N,2024-02-14
C1196,Customer196,M,1986-01-01,9379495029,user196@mail.com,Pune,State,Y,2024-10-18
C1197,Customer197,,1987-01-01,9426143145,user197@mail.com,Hyderabad,State,N,2024-09-19
C1198,Customer198,M,1988-01-01,9639811844,user198@mail.com,Delhi,State,N,2025-03-05
C1199,Customer199,F,1989-01-01,9646878321,user199@mail.com,Pune,State,N,2020-08-02
C1200,Customer200,M,1980-01-01,9800696995,user200@mail.com,Pune,State,Y,2025-01-10
C1201,Customer201,F,1981-01-01,9897981923,user201@mail.com,Delhi,State,Y,2022-01-28
C1202,Customer202,F,1982-01-01,9659502892,user202@mail.com,Mumbai,State,Y,2022-04-18
C1203,Customer203,F,1983-01-01,9235685266,,Hyderabad,State,Y,2021-09-07
C1204,Customer204,,1984-01-01,9673036454,user204@mail.com,Mumbai,State,N,2021-09-02
C1205,Customer205,F,1985-01-01,9478618696,user205@mail.com,Mumbai,State,N,2024-03-13
C1206,Customer206,,1986-01-01,9658455925,user206@mail.com,Hyderabad,State,Y,2020-10-31
C1207,Customer207,F,1987-01-01,9880401709,user207@mail.com,Mumbai,State,N,2023-03-19
C1208,Customer208,M,1988-01-01,9585131329,user208@mail.com,Mumbai,State,N,2022-07-19
C1209,Customer209,F,1989-01-01,9896326962,user209@mail.com,Pune,State,Y,2025-03-03
C1210,Customer210,,1980-01-01,9960461994,user210@mail.com,Hyderabad,State,Y,2020-04-09
C1211,Customer211,,1981-01-01,9628466219,user211@mail.com,Mumbai,State,Y,2023-12-10
C1212,Customer212,,1982-01-01,9901708297,user212@mail.com,Mumbai,State,N,2025-04-13
C1213,Customer213,,1983-01-01,9497429228,user213@mail.com,Pune,State,N,2022-08-09
C1214,Customer214,,1984-01-01,9465557200,user214@mail.com,Delhi,State,Y,2020-10-30
C1215,Customer215,F,1985-01-01,9837920688,user215@mail.com,Delhi,State,Y,2025-01-31
C1216,Customer216,M,1986-01-01,9298213107,user216@mail.com,Pune,State,Y,2024-07-20
C1217,Customer217,M,1987-01-01,9685949398,user217@mail.com,Mumbai,State,Y,2021-02-22
C1218,Customer218,F,1988-01-01,9171697206,user218@mail.com,Hyderabad,State,Y,2024-06-14
C1219,Customer219,M,1989-01-01,9790672571,user219@mail.com,Delhi,State,N,2020-02-14
C1220,Customer220,,1980-01-01,9495249509,user220@mail.com,Pune,State,N,2021-03-26
C1221,Customer221,M,1981-01-01,9742181363,user221@mail.com,Pune,State,Y,2022-05-21
C1222,Customer222,F,1982-01-01,,user222@mail.com,Mumbai,State,Y,2024-06-22
C1223,Customer223,F,1983-01-01,9879341687,user223@mail.com,Hyderabad,State,N,2022-04-14
C1224,Customer224,M,1984-01-01,9108890424,user224@mail.com,Pune,State,N,2020-06-05
C1225,Customer225,F,1985-01-01,9761258108,user225@mail.com,Pune,State,Y,2021-12-21
C1226,Customer226,F,1986-01-01,9106873284,user226@mail.com,Delhi,State,N,2023-11-26
C1227,Customer227,,1987-01-01,9789426535,user227@mail.com,Hyderabad,State,Y,2024-08-10
C1228,Customer228,F,1988-01-01,9650284044,user228@mail.com,Mumbai,State,N,2022-12-12
C1229,Customer229,F,1989-01-01,9682011631,user229@mail.com,Pune,State,N,2022-07-15
C1230,Customer230,F,1980-01-01,9240599705,user230@mail.com,Pune,State,Y,2023-01-31
C1231,Customer231,M,1981-01-01,9371381553,user231@mail.com,Hyderabad,State,N,2024-02-16
C1232,Customer232,,1982-01-01,9707639646,,Hyderabad,State,N,2022-05-11
C1233,Customer233,F,1983-01-01,9402317354,user233@mail.com,Hyderabad,State,Y,2025-03-09
C1234,Customer234,M,1984-01-01,9105173678,user234@mail.com,Pune,State,N,2022-08-09
C1235,Customer235,F,1985-01-01,9954599175,user235@mail.com,Mumbai,State,N,2024-04-23
C1236,Customer236,F,1986-01-01,9517104486,user236@mail.com,Pune,State,Y,2022-09-17
C1237,Customer237,F,1987-01-01,9255365339,user237@mail.com,Pune,State,Y,2020-02-07
C1238,Customer238,M,1988-01-01,9974082361,user238@mail.com,Mumbai,State,N,2024-10-22
C1239,Customer239,M,1989-01-01,9733053627,user239@mail.com,Mumbai,State,N,2021-06-12
C1240,Customer240,,1980-01-01,9408461252,user240@mail.com,Pune,State,N,2022-06-06
C1241,Customer241,F,1981-01-01,9934294918,user241@mail.com,Pune,State,Y,2024-01-05
C1242,Customer242,F,1982-01-01,9531541764,user242@mail.com,Pune,State,Y,2020-05-11
C1243,Customer243,M,1983-01-01,9321340729,user243@mail.com,Delhi,State,Y,2024-02-04
C1244,Customer244,M,1984-01-01,9210879961,user244@mail.com,Mumbai,State,Y,2022-09-09
C1245,Customer245,M,1985-01-01,9528562466,user245@mail.com,Delhi,State,Y,2020-07-01
C1246,Customer246,F,1986-01-01,9757013979,user246@mail.com,Hyderabad,State,Y,2022-12-30
C1247,Customer247,F,1987-01-01,9472269018,user247@mail.com,Hyderabad,State,Y,2024-02-13
C1248,Customer248,,1988-01-01,9829143550,user248@mail.com,Pune,State,Y,2021-06-27
C1249,Customer249,,1989-01-01,9399309164,user249@mail.com,Delhi,State,N,2024-07-06
C1250,Customer250,,1980-01-01,9151190775,user250@mail.com,Delhi,State,Y,2024-11-09
C1251,Customer251,F,1981-01-01,9232916695,user251@mail.com,Pune,State,N,2023-10-28
C1252,Customer252,,1982-01-01,9634681952,user252@mail.com,Pune,State,Y,2023-05-26
C1253,Customer253,F,1983-01-01,9213633749,user253@mail.com,Delhi,State,N,2023-06-10
C1254,Customer254,,1984-01-01,9316036923,user254@mail.com,Delhi,State,N,2022-05-03
C1255,Customer255,,1985-01-01,9676294004,user255@mail.com,Mumbai,State,N,2023-07-21
C1256,Customer256,,1986-01-01,9330451771,user256@mail.com,Mumbai,State,N,2020-07-29
C1257,Customer257,M,1987-01-01,9913655936,user257@mail.com,Mumbai,State,N,2020-04-25
C1258,Customer258,,1988-01-01,9771573836,user258@mail.com,Pune,State,N,2024-04-05
C1259,Customer259,M,1989-01-01,,user259@mail.com,Delhi,State,N,2021-07-07
C1260,Customer260,,1980-01-01,9364515592,user260@mail.com,Pune,State,Y,2020-09-23
C1261,Customer261,F,1981-01-01,9309713151,,Pune,State,Y,2022-12-27
C1262,Customer262,,1982-01-01,9646927198,user262@mail.com,Delhi,State,N,2021-07-07
C1263,Customer263,F,1983-01-01,9615553867,user263@mail.com,Mumbai,State,N,2022-10-03
C1264,Customer264,M,1984-01-01,9635537488,user264@mail.com,Mumbai,State,N,2021-05-09
C1265,Customer265,F,1985-01-01,9289149067,user265@mail.com,Delhi,State,N,2022-12-31
C1266,Customer266,M,1986-01-01,9162451268,user266@mail.com,Mumbai,State,Y,2023-08-14
C1267,Customer267,M,1987-01-01,9438622060,user267@mail.com,Pune,State,N,2021-11-06
C1268,Customer268,M,1988-01-01,9237355480,user268@mail.com,Delhi,State,N,2021-04-05
C1269,Customer269,M,1989-01-01,9782108070,user269@mail.com,Hyderabad,State,Y,2023-11-03
C1270,Customer270,M,1980-01-01,9342931948,user270@mail.com,Delhi,State,N,2022-05-14
C1271,Customer271,F,1981-01-01,9104549063,user271@mail.com,Hyderabad,State,N,2024-08-10
C1272,Customer272,,1982-01-01,9336509324,user272@mail.com,Hyderabad,State,Y,2021-07-27
C1273,Customer273,,1983-01-01,9771789200,user273@mail.com,Mumbai,State,N,2023-05-16
C1274,Customer274,,1984-01-01,9656659798,user274@mail.com,Pune,State,Y,2020-09-06
C1275,Customer275,F,1985-01-01,9472613360,user275@mail.com,Delhi,State,Y,2021-05-28
C1276,Customer276,M,1986-01-01,9831435699,user276@mail.com,Hyderabad,State,N,2020-06-07
C1277,Customer277,M,1987-01-01,9878386821,user277@mail.com,Hyderabad,State,N,2021-10-11
C1278,Customer278,M,1988-01-01,9389199073,user278@mail.com,Hyderabad,State,N,2020-03-04
C1279,Customer279,M,1989-01-01,9249287457,user279@mail.com,Pune,State,N,2025-03-27
C1280,Customer280,,1980-01-01,9785453289,user280@mail.com,Delhi,State,Y,2023-10-23
C1281,Customer281,F,1981-01-01,9393811406,user281@mail.com,Hyderabad,State,N,2025-05-17
C1282,Customer282,M,1982-01-01,9478346369,user282@mail.com,Delhi,State,N,2022-04-09
C1283,Customer283,M,1983-01-01,9829073587,user283@mail.com,Pune,State,N,2023-01-02
C1284,Customer284,F,1984-01-01,9423298517,user284@mail.com,Delhi,State,N,2023-01-29
C1285,Customer285,M,1985-01-01,9157916618,user285@mail.com,Hyderabad,State,Y,2021-05-07
C1286,Customer286,M,1986-01-01,9566661373,user286@mail.com,Mumbai,State,Y,2021-05-27
C1287,Customer287,,1987-01-01,9390913573,user287@mail.com,Mumbai,State,N,2020-09-15
C1288,Customer288,F,1988-01-01,9861146344,user288@mail.com,Hyderabad,State,N,2020-05-21
C1289,Customer289,,1989-01-01,9684329160,user289@mail.com,Mumbai,State,Y,2023-06-21
C1290,Customer290,F,1980-01-01,9578338002,,Delhi,State,Y,2020-06-01
C1291,Customer291,,1981-01-01,9252392457,user291@mail.com,Delhi,State,N,2024-09-19
C1292,Customer292,F,1982-01-01,9492013626,user292@mail.com,Mumbai,State,Y,2020-11-14
C1293,Customer293,F,1983-01-01,9994566730,user293@mail.com,Pune,State,N,2020-08-29
C1294,Customer294,,1984-01-01,9255846709,user294@mail.com,Mumbai,State,N,2023-09-27
C1295,Customer295,,1985-01-01,9958336266,user295@mail.com,Hyderabad,State,Y,2025-02-26
C1296,Customer296,,1986-01-01,,user296@mail.com,Delhi,State,N,2024-03-09
C1297,Customer297,,1987-01-01,9208601572,user297@mail.com,Pune,State,Y,2024-05-14
C1298,Customer298,F,1988-01-01,9742697720,user298@mail.com,Pune,State,N,2025-03-26
C1299,Customer299,F,1989-01-01,9538549347,user299@mail.com,Pune,State,N,2020-04-19
C1300,Customer300,M,1980-01-01,9605478855,user300@mail.com,Hyderabad,State,Y,2024-07-21
C1301,Customer301,M,1981-01-01,9993101021,user301@mail.com,Hyderabad,State,Y,2022-12-22
C1302,Customer302,,1982-01-01,9919482891,user302@mail.com,Mumbai,State,N,2024-05-22
C1303,Customer303,,1983-01-01,9803153081,user303@mail.com,Mumbai,State,N,2024-08-05
C1304,Customer304,,1984-01-01,9363252975,user304@mail.com,Delhi,State,Y,2023-02-25
C1305,Customer305,F,1985-01-01,9270359019,user305@mail.com,Hyderabad,State,Y,2025-02-19
C1306,Customer306,,1986-01-01,9436831256,user306@mail.com,Pune,State,N,2021-06-03
C1307,Customer307,,1987-01-01,9771919109,user307@mail.com,Hyderabad,State,N,2022-04-29
C1308,Customer308,F,1988-01-01,9485198675,user308@mail.com,Mumbai,State,N,2022-06-22
C1309,Customer309,,1989-01-01,9355614895,user309@mail.com,Delhi,State,Y,2021-11-30
C1310,Customer310,,1980-01-01,9221871351,user310@mail.com,Delhi,State,N,2025-01-05
C1311,Customer311,F,1981-01-01,9913332719,user311@mail.com,Hyderabad,State,Y,2022-09-10
C1312,Customer312,M,1982-01-01,9511499358,user312@mail.com,Delhi,State,N,2024-01-07
C1313,Customer313,M,1983-01-01,9207048295,user313@mail.com,Delhi,State,N,2025-06-19
C1314,Customer314,F,1984-01-01,9805035529,user314@mail.com,Delhi,State,N,2024-03-01
C1315,Customer315,F,1985-01-01,9496801145,user315@mail.com,Pune,State,Y,2022-06-03
C1316,Customer316,F,1986-01-01,9528270473,user316@mail.com,Hyderabad,State,N,2025-03-13
C1317,Customer317,F,1987-01-01,9234448393,user317@mail.com,Delhi,State,Y,2022-02-09
C1318,Customer318,F,1988-01-01,9217008334,user318@mail.com,Hyderabad,State,Y,2025-04-11
C1319,Customer319,M,1989-01-01,9592629723,,Pune,State,N,2025-02-22
C1320,Customer320,M,1980-01-01,9265666181,user320@mail.com,Hyderabad,State,N,2020-02-08
C1321,Customer321,F,1981-01-01,9525789612,user321@mail.com,Delhi,State,N,2020-01-11
C1322,Customer322,,1982-01-01,9963141591,user322@mail.com,Delhi,State,N,2025-02-01
C1323,Customer323,M,1983-01-01,9811105399,user323@mail.com,Delhi,State,N,2023-09-18
C1324,Customer324,M,1984-01-01,9181665924,user324@mail.com,Delhi,State,Y,2022-02-08
C1325,Customer325,,1985-01-01,9123164047,user325@mail.com,Delhi,State,N,2021-04-27
C1326,Customer326,M,1986-01-01,9653687906,user326@mail.com,Delhi,State,Y,2021-05-22
C1327,Customer327,F,1987-01-01,9936957078,user327@mail.com,Pune,State,Y,2023-03-07
C1328,Customer328,,1988-01-01,9151912698,user328@mail.com,Pune,State,Y,2023-02-20
C1329,Customer329,M,1989-01-01,9788737028,user329@mail.com,Pune,State,Y,2022-11-27
C1330,Customer330,M,1980-01-01,9934679299,user330@mail.com,Hyderabad,State,Y,2025-05-10
C1331,Customer331,F,1981-01-01,9600824688,user331@mail.com,Mumbai,State,N,2020-12-07
C1332,Customer332,,1982-01-01,9243023901,user332@mail.com,Mumbai,State,N,2022-10-24
C1333,Customer333,F,1983-01-01,,user333@mail.com,Delhi,State,N,2023-12-01
C1334,Customer334,F,1984-01-01,9967987325,user334@mail.com,Delhi,State,N,2024-07-31
C1335,Customer335,F,1985-01-01,9486537307,user335@mail.com,Delhi,State,N,2023-03-06
C1336,Customer336,F,1986-01-01,9288073746,user336@mail.com,Hyderabad,State,N,2021-11-19
C1337,Customer337,M,1987-01-01,9377528405,user337@mail.com,Mumbai,State,N,2021-12-16
C1338,Customer338,F,1988-01-01,9399717606,user338@mail.com,Pune,State,Y,2020-11-01
C1339,Customer339,M,1989-01-01,9371360189,user339@mail.com,Delhi,State,Y,2020-05-24
C1340,Customer340,,1980-01-01,9677197242,user340@mail.com,Delhi,State,N,2024-01-06
C1341,Customer341,M,1981-01-01,9720206325,user341@mail.com,Delhi,State,N,2022-03-12
C1342,Customer342,,1982-01-01,9310278849,user342@mail.com,Hyderabad,State,Y,2020-11-09
C1343,Customer343,,1983-01-01,9161766843,user343@mail.com,Hyderabad,State,N,2022-02-22
C1344,Customer344,F,1984-01-01,9832733703,user344@mail.com,Delhi,State,Y,2023-10-09
C1345,Customer345,,1985-01-01,9686638423,user345@mail.com,Hyderabad,State,Y,2024-10-06
C1346,Customer346,F,1986-01-01,9249708664,user346@mail.com,Mumbai,State,Y,2023-09-17
C1347,Customer347,,1987-01-01,9526464655,user347@mail.com,Mumbai,State,Y,2021-04-06
C1348,Customer348,F,1988-01-01,9861638245,,Delhi,State,N,2022-10-04
C1349,Customer349,,1989-01-01,9413284603,user349@mail.com,Hyderabad,State,N,2021-03-03
C1350,Customer350,,1980-01-01,9597628601,user350@mail.com,Hyderabad,State,N,2024-06-27
C1351,Customer351,,1981-01-01,9736293749,user351@mail.com,Hyderabad,State,N,2024-03-25
C1352,Customer352,F,1982-01-01,9373693100,user352@mail.com,Hyderabad,State,Y,2024-08-23
C1353,Customer353,F,1983-01-01,9271693326,user353@mail.com,Delhi,State,Y,2020-08-18
C1354,Customer354,F,1984-01-01,9780138270,user354@mail.com,Delhi,State,Y,2022-10-29
C1355,Customer355,,1985-01-01,9526084698,user355@mail.com,Hyderabad,State,Y,2024-08-04
C1356,Customer356,F,1986-01-01,9809585832,user356@mail.com,Delhi,State,N,2024-01-24
C1357,Customer357,M,1987-01-01,9870635893,user357@mail.com,Hyderabad,State,Y,2024-04-12
C1358,Customer358,,1988-01-01,9505928053,user358@mail.com,Pune,State,Y,2021-07-02
C1359,Customer359,M,1989-01-01,9785512841,user359@mail.com,Delhi,State,Y,2024-10-17
C1360,Customer360,F,1980-01-01,9393872336,user360@mail.com,Pune,State,N,2021-07-11
C1361,Customer361,F,1981-01-01,9204938803,user361@mail.com,Delhi,State,Y,2023-02-19
C1362,Customer362,M,1982-01-01,9587404394,user362@mail.com,Hyderabad,State,N,2021-03-14
C1363,Customer363,F,1983-01-01,9983578473,user363@mail.com,Mumbai,State,Y,2020-07-11
C1364,Customer364,M,1984-01-01,9828122382,user364@mail.com,Hyderabad,State,N,2024-09-03
C1365,Customer365,F,1985-01-01,9302712882,user365@mail.com,Delhi,State,Y,2024-10-01
C1366,Customer366,,1986-01-01,9513179786,user366@mail.com,Mumbai,State,Y,2021-04-21
C1367,Customer367,F,1987-01-01,9807203801,user367@mail.com,Hyderabad,State,N,2025-01-29
C1368,Customer368,M,1988-01-01,9592267077,user368@mail.com,Hyderabad,State,Y,2024-12-30
C1369,Customer369,M,1989-01-01,9406578456,user369@mail.com,Pune,State,Y,2023-04-09
C1370,Customer370,,1980-01-01,,user370@mail.com,Hyderabad,State,N,2020-07-07
C1371,Customer371,F,1981-01-01,9955418105,user371@mail.com,Mumbai,State,N,2021-07-02
C1372,Customer372,F,1982-01-01,9605334279,user372@mail.com,Hyderabad,State,N,2020-02-05
C1373,Customer373,F,1983-01-01,9427068133,user373@mail.com,Mumbai,State,Y,2023-05-05
C1374,Customer374,,1984-01-01,9696728196,user374@mail.com,Mumbai,State,Y,2024-11-06
C1375,Customer375,,1985-01-01,9945173286,user375@mail.com,Mumbai,State,N,2022-03-11
C1376,Customer376,,1986-01-01,9949199047,user376@mail.com,Hyderabad,State,Y,2020-03-16
C1377,Customer377,,1987-01-01,9668599272,,Hyderabad,State,Y,2025-01-21
C1378,Customer378,F,1988-01-01,9461525927,user378@mail.com,Mumbai,State,Y,2023-07-29
C1379,Customer379,F,1989-01-01,9725698429,user379@mail.com,Hyderabad,State,N,2025-01-09
C1380,Customer380,,1980-01-01,9189938051,user380@mail.com,Pune,State,N,2022-10-21
C1381,Customer381,,1981-01-01,9103657237,user381@mail.com,Delhi,State,N,2022-01-09
C1382,Customer382,M,1982-01-01,9256920465,user382@mail.com,Delhi,State,Y,2022-04-07
C1383,Customer383,F,1983-01-01,9646148852,user383@mail.com,Pune,State,N,2021-11-30
C1384,Customer384,F,1984-01-01,9753734397,user384@mail.com,Mumbai,State,Y,2023-12-27
C1385,Customer385,M,1985-01-01,9924149747,user385@mail.com,Delhi,State,N,2024-03-25
C1386,Customer386,F,1986-01-01,9690973871,user386@mail.com,Mumbai,State,Y,2020-06-02
C1387,Customer387,,1987-01-01,9282952868,user387@mail.com,Mumbai,State,N,2020-06-19
C1388,Customer388,M,1988-01-01,9403255765,user388@mail.com,Mumbai,State,Y,2021-03-07
C1389,Customer389,M,1989-01-01,9397565424,user389@mail.com,Pune,State,Y,2024-02-19
C1390,Customer390,,1980-01-01,9423543065,user390@mail.com,Delhi,State,Y,2023-02-01
C1391,Customer391,F,1981-01-01,9464712928,user391@mail.com,Mumbai,State,Y,2020-03-13
C1392,Customer392,F,1982-01-01,9974166625,user392@mail.com,Mumbai,State,Y,2020-02-28
C1393,Customer393,F,1983-01-01,9548282893,user393@mail.com,Delhi,State,Y,2023-12-18
C1394,Customer394,,1984-01-01,9853833795,user394@mail.com,Pune,State,Y,2025-06-15
C1395,Customer395,M,1985-01-01,9350009003,user395@mail.com,Hyderabad,State,Y,2025-06-17
C1396,Customer396,,1986-01-01,9643571571,user396@mail.com,Hyderabad,State,N,2022-07-27
C1397,Customer397,M,1987-01-01,9939031370,user397@mail.com,Hyderabad,State,N,2025-05-24
C1398,Customer398,F,1988-01-01,9459623383,user398@mail.com,Mumbai,State,Y,2025-03-10
C1399,Customer399,,1989-01-01,9110041636,user399@mail.com,Hyderabad,State,N,2020-03-07
C1400,Customer400,M,1980-01-01,9371993131,user400@mail.com,Hyderabad,State,Y,2021-04-16
C1401,Customer401,M,1981-01-01,9662966682,user401@mail.com,Delhi,State,Y,2025-04-21
C1402,Customer402,,1982-01-01,9315018985,user402@mail.com,Delhi,State,N,2021-08-14
C1403,Customer403,M,1983-01-01,9626653629,user403@mail.com,Mumbai,State,N,2022-03-13
C1404,Customer404,,1984-01-01,9178896891,user404@mail.com,Delhi,State,Y,2021-01-19
C1405,Customer405,,1985-01-01,9769003652,user405@mail.com,Mumbai,State,N,2023-06-10
C1406,Customer406,F,1986-01-01,9490280825,,Hyderabad,State,N,2020-02-12
C1407,Customer407,M,1987-01-01,,user407@mail.com,Pune,State,N,2021-11-25
C1408,Customer408,M,1988-01-01,9794632786,user408@mail.com,Pune,State,Y,2023-12-07
C1409,Customer409,,1989-01-01,9963528756,user409@mail.com,Pune,State,N,2023-05-13
C1410,Customer410,,1980-01-01,9892832594,user410@mail.com,Pune,State,N,2020-12-04
C1411,Customer411,F,1981-01-01,9825458915,user411@mail.com,Mumbai,State,N,2023-05-28
C1412,Customer412,,1982-01-01,9378260630,user412@mail.com,Mumbai,State,N,2020-01-31
C1413,Customer413,,1983-01-01,9913223273,user413@mail.com,Hyderabad,State,N,2022-07-26
C1414,Customer414,F,1984-01-01,9349262506,user414@mail.com,Pune,State,Y,2023-12-03
C1415,Customer415,F,1985-01-01,9460338545,user415@mail.com,Delhi,State,N,2024-11-01
C1416,Customer416,F,1986-01-01,9158250731,user416@mail.com,Hyderabad,State,N,2024-11-19
C1417,Customer417,M,1987-01-01,9374667801,user417@mail.com,Hyderabad,State,N,2022-02-14
C1418,Customer418,M,1988-01-01,9448405489,user418@mail.com,Mumbai,State,N,2023-04-21
C1419,Customer419,M,1989-01-01,9323942988,user419@mail.com,Hyderabad,State,N,2020-09-02
C1420,Customer420,,1980-01-01,9981538705,user420@mail.com,Hyderabad,State,Y,2024-05-18
C1421,Customer421,,1981-01-01,9415990095,user421@mail.com,Pune,State,N,2021-04-21
C1422,Customer422,M,1982-01-01,9791544578,user422@mail.com,Delhi,State,N,2021-09-11
C1423,Customer423,F,1983-01-01,9505891269,user423@mail.com,Pune,State,N,2024-07-18
C1424,Customer424,M,1984-01-01,9313663146,user424@mail.com,Pune,State,Y,2023-05-29
C1425,Customer425,M,1985-01-01,9763067561,user425@mail.com,Delhi,State,Y,2021-05-13
C1426,Customer426,,1986-01-01,9523783584,user426@mail.com,Pune,State,Y,2023-06-27
C1427,Customer427,M,1987-01-01,9873187267,user427@mail.com,Mumbai,State,N,2020-01-03
C1428,Customer428,,1988-01-01,9856419958,user428@mail.com,Mumbai,State,N,2022-10-16
C1429,Customer429,M,1989-01-01,9825045702,user429@mail.com,Delhi,State,Y,2022-01-29
C1430,Customer430,F,1980-01-01,9694740741,user430@mail.com,Mumbai,State,N,2021-10-12
C1431,Customer431,,1981-01-01,9219740832,user431@mail.com,Mumbai,State,N,2022-05-29
C1432,Customer432,M,1982-01-01,9433638943,user432@mail.com,Hyderabad,State,N,2020-08-23
C1433,Customer433,,1983-01-01,9336832778,user433@mail.com,Mumbai,State,N,2022-02-02
C1434,Customer434,M,1984-01-01,9158207861,user434@mail.com,Hyderabad,State,Y,2020-09-22
C1435,Customer435,F,1985-01-01,9151888650,,Hyderabad,State,Y,2020-01-07
C1436,Customer436,,1986-01-01,9166354342,user436@mail.com,Pune,State,Y,2020-05-15
C1437,Customer437,M,1987-01-01,9109623190,user437@mail.com,Hyderabad,State,N,2021-11-12
C1438,Customer438,M,1988-01-01,9756612768,user438@mail.com,Hyderabad,State,Y,2022-08-18
C1439,Customer439,M,1989-01-01,9385897342,user439@mail.com,Mumbai,State,N,2024-12-25
C1440,Customer440,M,1980-01-01,9296145932,user440@mail.com,Delhi,State,N,2024-12-21
C1441,Customer441,M,1981-01-01,9356185490,user441@mail.com,Pune,State,Y,2021-11-09
C1442,Customer442,F,1982-01-01,9536755402,user442@mail.com,Hyderabad,State,Y,2023-02-26
C1443,Customer443,M,1983-01-01,9642898249,user443@mail.com,Hyderabad,State,Y,2021-03-23
C1444,Customer444,M,1984-01-01,,user444@mail.com,Delhi,State,N,2025-01-28
C1445,Customer445,M,1985-01-01,9163132274,user445@mail.com,Mumbai,State,Y,2020-05-08
C1446,Customer446,F,1986-01-01,9261122144,user446@mail.com,Delhi,State,Y,2024-03-11
C1447,Customer447,F,1987-01-01,9469714291,user447@mail.com,Hyderabad,State,Y,2022-06-25
C1448,Customer448,M,1988-01-01,9951968020,user448@mail.com,Delhi,State,Y,2020-09-01
C1449,Customer449,M,1989-01-01,9317290771,user449@mail.com,Hyderabad,State,Y,2020-06-28
C1450,Customer450,,1980-01-01,9336047732,user450@mail.com,Mumbai,State,N,2022-12-15
C1451,Customer451,F,1981-01-01,9366974777,user451@mail.com,Hyderabad,State,N,2024-04-15
C1452,Customer452,M,1982-01-01,9449787930,user452@mail.com,Mumbai,State,N,2022-07-19
C1453,Customer453,,1983-01-01,9760869009,user453@mail.com,Pune,State,N,2020-07-02
C1454,Customer454,F,1984-01-01,9362524615,user454@mail.com,Pune,State,N,2025-02-08
C1455,Customer455,M,1985-01-01,9749534880,user455@mail.com,Hyderabad,State,Y,2020-05-28
C1456,Customer456,F,1986-01-01,9397339345,user456@mail.com,Mumbai,State,N,2024-03-25
C1457,Customer457,F,1987-01-01,9539436110,user457@mail.com,Pune,State,N,2021-12-21
C1458,Customer458,F,1988-01-01,9525255291,user458@mail.com,Pune,State,Y,2022-01-28
C1459,Customer459,M,1989-01-01,9424728993,user459@mail.com,Delhi,State,N,2023-03-06
C1460,Customer460,M,1980-01-01,9688978649,user460@mail.com,Delhi,State,Y,2022-07-26
C1461,Customer461,,1981-01-01,9773562759,user461@mail.com,Delhi,State,Y,2020-11-25
C1462,Customer462,M,1982-01-01,9972581840,user462@mail.com,Mumbai,State,Y,2021-12-29
C1463,Customer463,,1983-01-01,9438457066,user463@mail.com,Delhi,State,N,2024-10-18
C1464,Customer464,F,1984-01-01,9432581142,,Hyderabad,State,N,2020-11-11
C1465,Customer465,,1985-01-01,9479311974,user465@mail.com,Pune,State,Y,2024-09-26
C1466,Customer466,M,1986-01-01,9834993418,user466@mail.com,Mumbai,State,Y,2023-11-04
C1467,Customer467,M,1987-01-01,9614946403,user467@mail.com,Hyderabad,State,Y,2024-01-27
C1468,Customer468,M,1988-01-01,9797365402,user468@mail.com,Mumbai,State,N,2022-11-05
C1469,Customer469,F,1989-01-01,9939415052,user469@mail.com,Mumbai,State,N,2023-09-01
C1470,Customer470,M,1980-01-01,9298249361,user470@mail.com,Pune,State,Y,2021-07-08
C1471,Customer471,,1981-01-01,9864078197,user471@mail.com,Delhi,State,Y,2021-05-20
C1472,Customer472,F,1982-01-01,9451184502,user472@mail.com,Pune,State,Y,2022-01-06
C1473,Customer473,M,1983-01-01,9348842924,user473@mail.com,Mumbai,State,Y,2021-02-04
C1474,Customer474,M,1984-01-01,9245442777,user474@mail.com,Delhi,State,N,2022-11-02
C1475,Customer475,F,1985-01-01,9251246897,user475@mail.com,Delhi,State,Y,2020-06-03
C1476,Customer476,F,1986-01-01,9715688625,user476@mail.com,Pune,State,N,2023-04-04
C1477,Customer477,,1987-01-01,9610002662,user477@mail.com,Delhi,State,N,2021-02-04
C1478,Customer478,F,1988-01-01,9963785577,user478@mail.com,Hyderabad,State,N,2021-02-24
C1479,Customer479,M,1989-01-01,9919261281,user479@mail.com,Delhi,State,Y,2024-05-01
C1480,Customer480,M,1980-01-01,9122762767,user480@mail.com,Delhi,State,N,2022-01-13
C1481,Customer481,M,1981-01-01,,user481@mail.com,Hyderabad,State,N,2020-06-17
C1482,Customer482,,1982-01-01,9354823691,user482@mail.com,Delhi,State,Y,2022-06-22
C1483,Customer483,,1983-01-01,9804361349,user483@mail.com,Delhi,State,N,2020-12-03
C1484,Customer484,,1984-01-01,9842389542,user484@mail.com,Hyderabad,State,Y,2021-10-09
C1485,Customer485,F,1985-01-01,9692810937,user485@mail.com,Hyderabad,State,Y,2024-10-13
C1486,Customer486,F,1986-01-01,9636824889,user486@mail.com,Mumbai,State,Y,2022-09-26
C1487,Customer487,M,1987-01-01,9648868712,user487@mail.com,Mumbai,State,N,2023-05-24
C1488,Customer488,F,1988-01-01,9941499664,user488@mail.com,Hyderabad,State,N,2021-11-23
C1489,Customer489,F,1989-01-01,9176762601,user489@mail.com,Mumbai,State,Y,2023-09-10
C1490,Customer490,,1980-01-01,9446765197,user490@mail.com,Hyderabad,State,Y,2025-02-03
C1491,Customer491,F,1981-01-01,9342442593,user491@mail.com,Mumbai,State,N,2024-09-04
C1492,Customer492,F,1982-01-01,9428794295,user492@mail.com,Pune,State,N,2025-05-01
C1493,Customer493,M,1983-01-01,9416233026,,Delhi,State,N,2020-04-09
C1494,Customer494,M,1984-01-01,9563255288,user494@mail.com,Pune,State,Y,2021-07-23
C1495,Customer495,F,1985-01-01,9924790322,user495@mail.com,Pune,State,N,2023-05-31
C1496,Customer496,F,1986-01-01,9825190773,user496@mail.com,Delhi,State,N,2020-10-19
C1497,Customer497,F,1987-01-01,9201577359,user497@mail.com,Pune,State,N,2022-12-05
C1498,Customer498,,1988-01-01,9708813401,user498@mail.com,Delhi,State,N,2022-07-09
C1499,Customer499,M,1989-01-01,9994055901,user499@mail.com,Pune,State,Y,2020-03-18
