employee_id,customer_id,account_id,amount,status,type,date,branch,remarks,flag
EM1,C1000,A2000,,PENDING,CURRENT,2020-11-07,B15,,Y
EM2,C1001,A2001,43128.55,PENDING,CURRENT,2023-04-11,B1,OK,Y
EM3,C1002,A2002,30360.19,INACTIVE,LOAN,2020-01-08,B17,OK,N
EM4,C1003,A2003,36073.21,PENDING,CURRENT,2023-07-31,B18,OK,Y
EM5,C1004,A2004,29816.69,ACTIVE,SAVINGS,2023-10-28,B15,OK,Y
EM6,C1005,A2005,40066.35,INACTIVE,CURRENT,2020-05-26,B2,OK,N
EM7,C1006,A2006,475.7,PENDING,CURRENT,2020-09-11,B15,OK,N
EM8,C1007,A2007,15257.27,INACTIVE,SAVINGS,2021-12-31,B7,OK,Y
EM9,C1008,A2008,8538.41,PENDING,CURRENT,2022-03-26,B4,OK,N
EM10,C1009,A2009,19236.27,ACTIVE,LOAN,2020-01-07,B15,OK,Y
EM11,C1010,A2010,21162.87,INACTIVE,SAVINGS,2022-02-18,B14,OK,N
EM12,C1011,A2011,2661.49,INACTIVE,CURRENT,2020-02-26,B9,OK,Y
EM13,C1012,A2012,34030.3,ACTIVE,SAVINGS,2024-02-13,B12,OK,Y
EM14,C1013,A2013,4288.48,INACTIVE,SAVINGS,2020-01-06,B8,OK,N
EM15,C1014,A2014,5600.97,INACTIVE,LOAN,2022-10-25,B17,OK,Y
EM16,C1015,A2015,30704.36,ACTIVE,LOAN,2023-02-04,B10,OK,Y
EM17,C1016,A2016,26744.15,INACTIVE,LOAN,2021-01-15,B9,OK,N
EM18,C1017,A2017,43767.53,ACTIVE,SAVINGS,2022-01-18,B1,OK,N
EM19,C1018,A2018,26062.92,PENDING,CURRENT,2021-03-23,B13,OK,N
EM20,C1019,A2019,34234.12,ACTIVE,CURRENT,2022-03-05,B8,OK,N
EM21,C1020,A2020,3342.83,PENDING,LOAN,2024-06-07,B8,OK,Y
EM22,C1021,A2021,40811.02,ACTIVE,LOAN,2020-02-13,B17,OK,Y
EM23,C1022,A2022,3202.01,INACTIVE,CURRENT,2021-03-22,B16,OK,N
EM24,C1023,A2023,8777.0,PENDING,LOAN,2021-02-04,B12,OK,N
EM25,C1024,A2024,49539.95,ACTIVE,CURRENT,2025-06-22,B1,OK,Y
EM26,C1025,A2025,10340.27,INACTIVE,LOAN,2021-02-08,B10,,Y
EM27,C1026,A2026,43736.76,ACTIVE,LOAN,2025-05-24,B17,OK,Y
EM28,C1027,A2027,10604.45,PENDING,CURRENT,2021-09-21,B6,OK,Y
EM29,C1028,A2028,17057.7,ACTIVE,LOAN,2022-08-24,B19,OK,Y
EM30,C1029,A2029,27372.38,PENDING,LOAN,2023-02-26,B15,OK,N
EM31,C1030,A2030,30430.16,INACTIVE,SAVINGS,2023-12-12,B9,OK,Y
EM32,C1031,A2031,29071.08,ACTIVE,CURRENT,2023-03-27,B17,OK,N
EM33,C1032,A2032,33796.06,INACTIVE,CURRENT,2023-01-13,B16,OK,N
EM34,C1033,A2033,39906.32,INACTIVE,LOAN,2022-02-18,B1,OK,Y
EM35,C1034,A2034,39315.39,INACTIVE,CURRENT,2021-12-09,B10,OK,Y
EM36,C1035,A2035,30571.13,ACTIVE,SAVINGS,2024-01-08,B14,OK,Y
EM37,C1036,A2036,7572.84,PENDING,SAVINGS,2023-11-12,B16,OK,N
EM38,C1037,A2037,47162.16,INACTIVE,SAVINGS,2022-12-16,B15,OK,Y
EM39,C1038,A2038,19824.37,INACTIVE,SAVINGS,2022-08-29,B3,OK,Y
EM40,C1039,A2039,6317.81,INACTIVE,SAVINGS,2023-08-07,B7,OK,Y
EM41,C1040,A2040,,INACTIVE,LOAN,2025-01-08,B9,OK,N
EM42,C1041,A2041,12899.37,INACTIVE,SAVINGS,2021-02-16,B14,OK,Y
EM43,C1042,A2042,29223.53,INACTIVE,LOAN,2020-03-23,B2,OK,Y
EM44,C1043,A2043,12085.31,ACTIVE,CURRENT,2024-03-31,B18,OK,N
EM45,C1044,A2044,46716.87,PENDING,LOAN,2023-07-20,B15,OK,Y
EM46,C1045,A2045,15088.8,PENDING,LOAN,2023-05-25,B3,OK,N
EM47,C1046,A2046,26118.4,INACTIVE,LOAN,2022-07-18,B5,OK,N
EM48,C1047,A2047,33204.53,PENDING,LOAN,2022-03-11,B15,OK,N
EM49,C1048,A2048,25528.55,INACTIVE,SAVINGS,2020-09-10,B14,OK,Y
EM50,C1049,A2049,36627.5,ACTIVE,LOAN,2023-11-15,B15,OK,N
EM51,C1050,A2050,36447.04,INACTIVE,CURRENT,2022-09-19,B4,,N
EM52,C1051,A2051,39905.87,INACTIVE,CURRENT,2020-11-19,B11,OK,N
EM53,C1052,A2052,44004.27,PENDING,CURRENT,2022-09-21,B9,OK,N
EM54,C1053,A2053,9386.66,PENDING,SAVINGS,2022-03-05,B20,OK,Y
EM55,C1054,A2054,38667.03,PENDING,LOAN,2024-09-11,B16,OK,N
EM56,C1055,A2055,19352.09,PENDING,SAVINGS,2021-08-30,B13,OK,Y
EM57,C1056,A2056,35545.07,INACTIVE,LOAN,2024-11-21,B20,OK,Y
EM58,C1057,A2057,26885.65,INACTIVE,SAVINGS,2023-04-20,B2,OK,N
EM59,C1058,A2058,47979.8,INACTIVE,SAVINGS,2021-11-03,B1,OK,N
EM60,C1059,A2059,16512.33,PENDING,CURRENT,2021-10-02,B20,OK,Y
EM61,C1060,A2060,19113.8,PENDING,SAVINGS,2020-06-10,B2,OK,N
EM62,C1061,A2061,24497.68,ACTIVE,SAVINGS,2024-09-04,B3,OK,N
EM63,C1062,A2062,7423.3,PENDING,LOAN,2023-03-27,B19,OK,Y
EM64,C1063,A2063,5254.62,INACTIVE,LOAN,2020-07-16,B5,OK,N
EM65,C1064,A2064,36496.53,ACTIVE,SAVINGS,2025-03-04,B10,OK,Y
EM66,C1065,A2065,36448.34,PENDING,SAVINGS,2024-11-29,B4,OK,Y
EM67,C1066,A2066,26210.49,ACTIVE,SAVINGS,2020-07-13,B14,OK,Y
EM68,C1067,A2067,15559.55,PENDING,CURRENT,2020-07-01,B16,OK,Y
EM69,C1068,A2068,45637.21,PENDING,CURRENT,2024-05-17,B5,OK,N
EM70,C1069,A2069,35792.21,ACTIVE,LOAN,2024-06-04,B13,OK,N
EM71,C1070,A2070,41556.97,INACTIVE,CURRENT,2025-03-03,B5,OK,N
EM72,C1071,A2071,49362.07,ACTIVE,SAVINGS,2021-06-26,B7,OK,N
EM73,C1072,A2072,26508.62,PENDING,SAVINGS,2025-03-27,B18,OK,N
EM74,C1073,A2073,8915.16,PENDING,SAVINGS,2025-02-16,B1,OK,Y
EM75,C1074,A2074,40595.49,ACTIVE,LOAN,2023-11-28,B6,OK,Y
EM76,C1075,A2075,28264.9,PENDING,LOAN,2023-12-03,B16,,Y
EM77,C1076,A2076,49140.68,PENDING,LOAN,2020-08-07,B8,OK,Y
EM78,C1077,A2077,18266.42,PENDING,CURRENT,2022-04-06,B11,OK,N
EM79,C1078,A2078,47141.89,INACTIVE,CURRENT,2020-05-15,B19,OK,N
EM80,C1079,A2079,26669.44,PENDING,SAVINGS,2022-12-21,B9,OK,Y
EM81,C1080,A2080,,INACTIVE,LOAN,2024-02-03,B20,OK,N
EM82,C1081,A2081,8907.76,PENDING,LOAN,2025-01-25,B17,OK,N
EM83,C1082,A2082,11990.3,INACTIVE,SAVINGS,2022-02-21,B11,OK,N
EM84,C1083,A2083,31680.61,ACTIVE,LOAN,2024-08-29,B16,OK,Y
EM85,C1084,A2084,41641.05,PENDING,SAVINGS,2021-06-05,B11,OK,N
EM86,C1085,A2085,25061.28,ACTIVE,CURRENT,2020-07-15,B15,OK,N
EM87,C1086,A2086,5221.64,INACTIVE,SAVINGS,2023-11-04,B13,OK,N
EM88,C1087,A2087,14419.47,PENDING,CURRENT,2023-06-23,B18,OK,Y
EM89,C1088,A2088,7522.9,PENDING,LOAN,2022-06-20,B5,OK,N
EM90,C1089,A2089,26286.43,ACTIVE,SAVINGS,2020-10-10,B14,OK,N
EM91,C1090,A2090,2746.03,ACTIVE,SAVINGS,2022-03-15,B17,OK,Y
EM92,C1091,A2091,40060.71,PENDING,CURRENT,2023-04-08,B13,OK,Y
EM93,C1092,A2092,33932.27,INACTIVE,CURRENT,2024-01-08,B11,OK,Y
EM94,C1093,A2093,11020.64,PENDING,LOAN,2022-10-16,B11,OK,N
EM95,C1094,A2094,8212.31,PENDING,LOAN,2023-03-26,B1,OK,Y
EM96,C1095,A2095,9866.15,INACTIVE,LOAN,2020-01-20,B7,OK,Y
EM97,C1096,A2096,38907.86,PENDING,CURRENT,2024-09-19,B4,OK,N
EM98,C1097,A2097,4930.51,ACTIVE,LOAN,2021-10-14,B12,OK,N
EM99,C1098,A2098,15153.29,INACTIVE,LOAN,2024-05-05,B12,OK,Y
EM100,C1099,A2099,7715.08,ACTIVE,CURRENT,2021-11-30,B7,OK,Y
EM101,C1100,A2100,13625.35,ACTIVE,CURRENT,2020-09-17,B18,,N
EM102,C1101,A2101,42853.49,ACTIVE,CURRENT,2020-10-28,B19,OK,Y
EM103,C1102,A2102,8920.49,INACTIVE,SAVINGS,2024-08-28,B6,OK,N
EM104,C1103,A2103,44447.74,PENDING,LOAN,2024-04-06,B18,OK,N
EM105,C1104,A2104,24408.92,ACTIVE,SAVINGS,2022-05-31,B10,OK,N
EM106,C1105,A2105,41316.13,PENDING,CURRENT,2021-05-14,B3,OK,N
EM107,C1106,A2106,24945.55,ACTIVE,CURRENT,2021-07-02,B14,OK,Y
EM108,C1107,A2107,145.89,INACTIVE,CURRENT,2020-03-29,B2,OK,Y
EM109,C1108,A2108,13761.66,ACTIVE,LOAN,2024-02-26,B16,OK,N
EM110,C1109,A2109,13958.83,PENDING,LOAN,2020-10-26,B17,OK,N
EM111,C1110,A2110,3398.43,INACTIVE,SAVINGS,2022-06-26,B18,OK,N
EM112,C1111,A2111,20336.11,PENDING,CURRENT,2025-05-22,B15,OK,N
EM113,C1112,A2112,21111.67,ACTIVE,SAVINGS,2024-12-15,B13,OK,Y
EM114,C1113,A2113,1368.37,ACTIVE,LOAN,2024-08-31,B4,OK,Y
EM115,C1114,A2114,42019.75,PENDING,LOAN,2022-07-29,B7,OK,Y
EM116,C1115,A2115,13862.74,PENDING,LOAN,2023-02-25,B15,OK,Y
EM117,C1116,A2116,24034.4,PENDING,CURRENT,2023-01-11,B4,OK,N
EM118,C1117,A2117,36874.14,PENDING,LOAN,2022-11-19,B18,OK,N
EM119,C1118,A2118,20653.74,INACTIVE,LOAN,2022-12-17,B20,OK,Y
EM120,C1119,A2119,17472.55,INACTIVE,CURRENT,2022-11-01,B4,OK,N
EM121,C1120,A2120,,PENDING,LOAN,2021-08-09,B7,OK,N
EM122,C1121,A2121,34671.9,PENDING,CURRENT,2020-07-21,B14,OK,N
EM123,C1122,A2122,3416.8,INACTIVE,LOAN,2021-08-20,B14,OK,N
EM124,C1123,A2123,26444.9,PENDING,CURRENT,2022-03-04,B10,OK,Y
EM125,C1124,A2124,47838.18,PENDING,LOAN,2020-04-25,B18,OK,N
EM126,C1125,A2125,10724.2,INACTIVE,CURRENT,2021-02-15,B1,,N
EM127,C1126,A2126,40594.68,INACTIVE,CURRENT,2021-09-01,B11,OK,N
EM128,C1127,A2127,8524.29,INACTIVE,LOAN,2022-09-19,B6,OK,Y
EM129,C1128,A2128,21410.09,PENDING,LOAN,2024-12-07,B8,OK,N
EM130,C1129,A2129,47902.39,ACTIVE,CURRENT,2021-11-14,B19,OK,Y
EM131,C1130,A2130,17466.32,PENDING,SAVINGS,2023-10-09,B9,OK,N
EM132,C1131,A2131,32674.09,INACTIVE,SAVINGS,2021-11-20,B9,OK,N
EM133,C1132,A2132,6203.6,INACTIVE,LOAN,2025-06-03,B11,OK,N
EM134,C1133,A2133,12979.9,PENDING,SAVINGS,2022-05-28,B16,OK,Y
EM135,C1134,A2134,10601.01,PENDING,SAVINGS,2023-03-02,B13,OK,N
EM136,C1135,A2135,6637.95,PENDING,SAVINGS,2024-12-27,B5,OK,Y
EM137,C1136,A2136,1246.74,ACTIVE,LOAN,2022-07-20,B16,OK,Y
EM138,C1137,A2137,41404.34,PENDING,LOAN,2025-04-04,B15,OK,N
EM139,C1138,A2138,24996.2,PENDING,LOAN,2024-04-24,B4,OK,Y
EM140,C1139,A2139,12764.84,ACTIVE,CURRENT,2023-02-12,B8,OK,Y
EM141,C1140,A2140,41023.78,ACTIVE,SAVINGS,2022-02-14,B5,OK,Y
EM142,C1141,A2141,17907.96,INACTIVE,CURRENT,2020-07-02,B3,OK,N
EM143,C1142,A2142,41098.61,PENDING,LOAN,2024-11-29,B20,OK,N
EM144,C1143,A2143,26338.83,INACTIVE,SAVINGS,2022-11-21,B13,OK,Y
EM145,C1144,A2144,14281.3,INACTIVE,LOAN,2020-04-06,B6,OK,Y
EM146,C1145,A2145,31243.02,ACTIVE,CURRENT,2021-07-24,B13,OK,N
EM147,C1146,A2146,27932.05,INACTIVE,LOAN,2023-08-26,B19,OK,N
EM148,C1147,A2147,46595.16,INACTIVE,CURRENT,2020-08-26,B20,OK,N
EM149,C1148,A2148,17272.17,ACTIVE,SAVINGS,2020-10-01,B9,OK,Y
EM150,C1149,A2149,17471.41,ACTIVE,LOAN,2022-05-16,B19,OK,N
EM151,C1150,A2150,16806.26,INACTIVE,SAVINGS,2020-05-28,B7,,N
EM152,C1151,A2151,41431.73,INACTIVE,SAVINGS,2020-09-24,B18,OK,Y
EM153,C1152,A2152,46870.32,ACTIVE,CURRENT,2022-02-15,B13,OK,Y
EM154,C1153,A2153,6068.1,PENDING,SAVINGS,2022-02-27,B3,OK,N
EM155,C1154,A2154,9979.18,ACTIVE,SAVINGS,2024-01-17,B11,OK,N
EM156,C1155,A2155,15912.37,PENDING,LOAN,2020-12-30,B10,OK,N
EM157,C1156,A2156,1090.4,ACTIVE,LOAN,2024-05-08,B16,OK,N
EM158,C1157,A2157,23092.25,INACTIVE,SAVINGS,2020-07-23,B13,OK,N
EM159,C1158,A2158,6783.96,INACTIVE,SAVINGS,2025-04-05,B18,OK,N
EM160,C1159,A2159,28888.39,INACTIVE,LOAN,2025-03-09,B13,OK,N
EM161,C1160,A2160,,INACTIVE,LOAN,2020-01-11,B1,OK,Y
EM162,C1161,A2161,23791.49,INACTIVE,CURRENT,2021-11-10,B10,OK,Y
EM163,C1162,A2162,27242.52,INACTIVE,LOAN,2022-01-31,B20,OK,N
EM164,C1163,A2163,6938.48,PENDING,SAVINGS,2020-06-04,B2,OK,Y
EM165,C1164,A2164,21305.15,INACTIVE,CURRENT,2023-02-09,B13,OK,Y
EM166,C1165,A2165,34378.31,PENDING,SAVINGS,2022-04-03,B18,OK,Y
EM167,C1166,A2166,18651.2,INACTIVE,LOAN,2025-01-23,B1,OK,N
EM168,C1167,A2167,25273.43,PENDING,CURRENT,2020-07-29,B14,OK,N
EM169,C1168,A2168,27990.89,ACTIVE,SAVINGS,2020-09-20,B20,OK,Y
EM170,C1169,A2169,45314.38,INACTIVE,CURRENT,2023-05-08,B4,OK,N
EM171,C1170,A2170,2530.24,ACTIVE,CURRENT,2023-10-14,B1,OK,N
EM172,C1171,A2171,5496.5,PENDING,SAVINGS,2024-11-07,B7,OK,N
EM173,C1172,A2172,39142.39,ACTIVE,CURRENT,2024-11-08,B20,OK,Y
EM174,C1173,A2173,25725.09,PENDING,CURRENT,2020-05-20,B7,OK,N
EM175,C1174,A2174,12008.31,PENDING,CURRENT,2022-05-01,B6,OK,N
EM176,C1175,A2175,48788.69,ACTIVE,CURRENT,2024-04-22,B11,,N
EM177,C1176,A2176,4587.38,INACTIVE,LOAN,2023-04-06,B20,OK,Y
EM178,C1177,A2177,29958.01,INACTIVE,SAVINGS,2021-04-12,B13,OK,N
EM179,C1178,A2178,43667.67,ACTIVE,SAVINGS,2020-09-10,B3,OK,Y
EM180,C1179,A2179,27199.64,INACTIVE,CURRENT,2021-06-10,B16,OK,Y
EM181,C1180,A2180,43211.31,INACTIVE,LOAN,2024-03-05,B1,OK,N
EM182,C1181,A2181,46635.8,PENDING,LOAN,2022-08-12,B4,OK,Y
EM183,C1182,A2182,37902.06,INACTIVE,LOAN,2025-03-13,B20,OK,N
EM184,C1183,A2183,11581.25,ACTIVE,SAVINGS,2023-08-28,B10,OK,N
EM185,C1184,A2184,41253.5,PENDING,SAVINGS,2020-09-08,B6,OK,N
EM186,C1185,A2185,23484.85,INACTIVE,SAVINGS,2022-05-28,B4,OK,Y
EM187,C1186,A2186,39009.49,PENDING,CURRENT,2024-12-24,B11,OK,N
EM188,C1187,A2187,13094.81,PENDING,SAVINGS,2022-04-06,B12,OK,Y
EM189,C1188,A2188,36232.1,INACTIVE,SAVINGS,2023-11-15,B12,OK,Y
EM190,C1189,A2189,5277.59,ACTIVE,LOAN,2020-05-08,B9,OK,Y
EM191,C1190,A2190,3415.52,PENDING,CURRENT,2021-10-17,B5,OK,N
EM192,C1191,A2191,31591.8,INACTIVE,CURRENT,2022-01-12,B14,OK,N
EM193,C1192,A2192,36132.93,INACTIVE,SAVINGS,2022-07-11,B15,OK,Y
EM194,C1193,A2193,47740.59,PENDING,SAVINGS,2024-01-26,B13,OK,Y
EM195,C1194,A2194,45036.71,PENDING,SAVINGS,2024-05-29,B16,OK,Y
EM196,C1195,A2195,16603.6,PENDING,LOAN,2020-02-01,B8,OK,N
EM197,C1196,A2196,36962.56,INACTIVE,LOAN,2024-08-30,B20,OK,N
EM198,C1197,A2197,30796.03,ACTIVE,LOAN,2024-03-22,B7,OK,N
EM199,C1198,A2198,35352.01,INACTIVE,LOAN,2025-01-03,B2,OK,N
EM200,C1199,A2199,11770.64,ACTIVE,SAVINGS,2024-08-24,B16,OK,N
EM201,C1200,A2200,,PENDING,SAVINGS,2022-01-14,B4,,N
EM202,C1201,A2201,21401.64,ACTIVE,SAVINGS,2021-11-14,B8,OK,N
EM203,C1202,A2202,40847.8,ACTIVE,LOAN,2023-02-21,B20,OK,Y
EM204,C1203,A2203,34643.81,ACTIVE,LOAN,2024-10-29,B12,OK,N
EM205,C1204,A2204,43593.48,ACTIVE,LOAN,2024-06-06,B16,OK,Y
EM206,C1205,A2205,937.57,PENDING,CURRENT,2021-01-03,B12,OK,Y
EM207,C1206,A2206,15273.98,PENDING,CURRENT,2023-07-21,B14,OK,Y
EM208,C1207,A2207,25513.71,ACTIVE,SAVINGS,2023-01-03,B3,OK,N
EM209,C1208,A2208,25339.61,ACTIVE,SAVINGS,2022-02-04,B17,OK,Y
EM210,C1209,A2209,39764.68,PENDING,CURRENT,2021-01-05,B4,OK,Y
EM211,C1210,A2210,49514.98,PENDING,CURRENT,2024-11-29,B20,OK,N
EM212,C1211,A2211,46583.14,ACTIVE,SAVINGS,2020-03-28,B1,OK,Y
EM213,C1212,A2212,15091.35,INACTIVE,SAVINGS,2023-02-27,B4,OK,Y
EM214,C1213,A2213,22687.79,PENDING,SAVINGS,2021-10-11,B2,OK,Y
EM215,C1214,A2214,5245.66,PENDING,LOAN,2021-05-15,B15,OK,N
EM216,C1215,A2215,35080.1,ACTIVE,LOAN,2024-08-06,B8,OK,Y
EM217,C1216,A2216,20205.79,PENDING,CURRENT,2020-12-29,B18,OK,Y
EM218,C1217,A2217,38200.91,PENDING,LOAN,2021-07-17,B14,OK,N
EM219,C1218,A2218,35245.36,INACTIVE,CURRENT,2023-02-26,B11,OK,N
EM220,C1219,A2219,25396.65,PENDING,SAVINGS,2020-07-06,B7,OK,Y
EM221,C1220,A2220,340.37,ACTIVE,SAVINGS,2025-06-10,B14,OK,N
EM222,C1221,A2221,33290.61,INACTIVE,LOAN,2022-05-23,B16,OK,Y
EM223,C1222,A2222,28336.75,INACTIVE,CURRENT,2022-10-08,B16,OK,Y
EM224,C1223,A2223,16378.76,INACTIVE,LOAN,2023-09-14,B8,OK,N
EM225,C1224,A2224,36223.85,ACTIVE,LOAN,2021-10-17,B5,OK,Y
EM226,C1225,A2225,28105.24,PENDING,CURRENT,2020-10-18,B9,,N
EM227,C1226,A2226,24736.1,INACTIVE,LOAN,2020-04-08,B16,OK,N
EM228,C1227,A2227,17086.4,ACTIVE,LOAN,2022-01-24,B20,OK,Y
EM229,C1228,A2228,16022.59,PENDING,LOAN,2024-10-20,B5,OK,Y
EM230,C1229,A2229,36521.6,ACTIVE,SAVINGS,2020-08-23,B9,OK,N
EM231,C1230,A2230,39795.83,ACTIVE,CURRENT,2024-05-22,B11,OK,Y
EM232,C1231,A2231,16107.53,INACTIVE,CURRENT,2021-05-09,B2,OK,N
EM233,C1232,A2232,8905.43,INACTIVE,LOAN,2022-06-01,B20,OK,Y
EM234,C1233,A2233,49314.1,PENDING,LOAN,2024-07-12,B16,OK,N
EM235,C1234,A2234,575.49,ACTIVE,CURRENT,2022-01-15,B14,OK,Y
EM236,C1235,A2235,23394.15,PENDING,LOAN,2023-06-01,B19,OK,Y
EM237,C1236,A2236,2281.51,ACTIVE,CURRENT,2020-11-09,B11,OK,Y
EM238,C1237,A2237,40420.63,PENDING,CURRENT,2021-07-14,B4,OK,Y
EM239,C1238,A2238,38157.31,PENDING,SAVINGS,2024-06-08,B1,OK,Y
EM240,C1239,A2239,12554.78,PENDING,CURRENT,2020-10-04,B18,OK,N
EM241,C1240,A2240,,PENDING,LOAN,2022-05-19,B20,OK,Y
EM242,C1241,A2241,26029.53,ACTIVE,LOAN,2021-11-05,B11,OK,Y
EM243,C1242,A2242,32760.25,INACTIVE,LOAN,2025-03-07,B19,OK,Y
EM244,C1243,A2243,33111.29,ACTIVE,SAVINGS,2025-06-02,B3,OK,Y
EM245,C1244,A2244,26317.37,ACTIVE,LOAN,2020-03-06,B4,OK,N
EM246,C1245,A2245,26019.52,ACTIVE,SAVINGS,2020-10-21,B8,OK,N
EM247,C1246,A2246,23458.7,PENDING,CURRENT,2023-01-04,B4,OK,Y
EM248,C1247,A2247,19845.71,ACTIVE,SAVINGS,2021-11-26,B10,OK,N
EM249,C1248,A2248,46992.99,INACTIVE,SAVINGS,2020-03-27,B4,OK,Y
EM250,C1249,A2249,2573.67,ACTIVE,CURRENT,2020-06-29,B2,OK,N
EM251,C1250,A2250,35761.44,ACTIVE,CURRENT,2024-09-07,B3,,N
EM252,C1251,A2251,35296.96,PENDING,SAVINGS,2020-07-16,B4,OK,Y
EM253,C1252,A2252,46258.89,PENDING,LOAN,2021-04-21,B9,OK,N
EM254,C1253,A2253,37195.8,ACTIVE,SAVINGS,2022-08-05,B13,OK,N
EM255,C1254,A2254,17371.73,PENDING,CURRENT,2022-12-30,B4,OK,N
EM256,C1255,A2255,25808.89,INACTIVE,LOAN,2021-06-04,B15,OK,Y
EM257,C1256,A2256,29758.07,ACTIVE,CURRENT,2020-12-15,B11,OK,N
EM258,C1257,A2257,24418.36,ACTIVE,CURRENT,2021-12-23,B11,OK,Y
EM259,C1258,A2258,339.18,ACTIVE,CURRENT,2021-11-11,B3,OK,N
EM260,C1259,A2259,232.64,PENDING,CURRENT,2022-10-07,B4,OK,Y
EM261,C1260,A2260,3898.5,ACTIVE,SAVINGS,2024-12-12,B10,OK,Y
EM262,C1261,A2261,11671.73,ACTIVE,SAVINGS,2023-07-27,B15,OK,N
EM263,C1262,A2262,49665.37,ACTIVE,LOAN,2024-08-07,B20,OK,N
EM264,C1263,A2263,24481.64,ACTIVE,SAVINGS,2021-05-04,B3,OK,N
EM265,C1264,A2264,12375.34,ACTIVE,SAVINGS,2020-01-06,B1,OK,Y
EM266,C1265,A2265,8054.19,ACTIVE,LOAN,2023-05-27,B4,OK,N
EM267,C1266,A2266,43046.2,PENDING,SAVINGS,2020-08-12,B19,OK,Y
EM268,C1267,A2267,35192.11,ACTIVE,SAVINGS,2021-05-17,B1,OK,N
EM269,C1268,A2268,14597.64,ACTIVE,SAVINGS,2021-11-11,B13,OK,Y
EM270,C1269,A2269,25522.5,ACTIVE,CURRENT,2020-08-21,B7,OK,Y
EM271,C1270,A2270,10716.3,ACTIVE,LOAN,2020-12-11,B9,OK,Y
EM272,C1271,A2271,10096.78,INACTIVE,SAVINGS,2023-06-30,B14,OK,Y
EM273,C1272,A2272,44097.99,PENDING,LOAN,2023-09-29,B17,OK,Y
EM274,C1273,A2273,30004.06,INACTIVE,SAVINGS,2020-07-20,B6,OK,Y
EM275,C1274,A2274,28515.09,PENDING,SAVINGS,2022-02-02,B16,OK,N
EM276,C1275,A2275,20103.65,PENDING,CURRENT,2023-07-28,B17,,N
EM277,C1276,A2276,49743.12,ACTIVE,SAVINGS,2022-12-09,B8,OK,N
EM278,C1277,A2277,35818.59,INACTIVE,SAVINGS,2020-11-26,B4,OK,N
EM279,C1278,A2278,43639.67,INACTIVE,SAVINGS,2020-07-10,B20,OK,N
EM280,C1279,A2279,43727.48,ACTIVE,LOAN,2023-12-06,B14,OK,N
EM281,C1280,A2280,,INACTIVE,LOAN,2022-10-08,B2,OK,Y
EM282,C1281,A2281,30207.09,PENDING,CURRENT,2020-05-02,B13,OK,Y
EM283,C1282,A2282,35395.1,ACTIVE,LOAN,2023-12-29,B12,OK,Y
EM284,C1283,A2283,43846.14,INACTIVE,LOAN,2023-12-07,B7,OK,Y
EM285,C1284,A2284,39898.41,INACTIVE,CURRENT,2022-10-29,B8,OK,N
EM286,C1285,A2285,32122.4,INACTIVE,LOAN,2024-06-08,B19,OK,N
EM287,C1286,A2286,32799.31,PENDING,LOAN,2021-06-13,B16,OK,Y
EM288,C1287,A2287,49518.66,PENDING,SAVINGS,2024-04-20,B9,OK,N
EM289,C1288,A2288,7077.48,INACTIVE,LOAN,2023-07-27,B9,OK,Y
EM290,C1289,A2289,14560.49,PENDING,CURRENT,2021-12-14,B8,OK,N
EM291,C1290,A2290,13016.8,ACTIVE,LOAN,2025-01-18,B15,OK,N
EM292,C1291,A2291,23975.62,ACTIVE,CURRENT,2021-01-24,B19,OK,Y
EM293,C1292,A2292,23309.15,PENDING,CURRENT,2024-08-11,B3,OK,Y
EM294,C1293,A2293,24420.02,PENDING,LOAN,2025-05-08,B9,OK,N
EM295,C1294,A2294,42669.98,INACTIVE,CURRENT,2022-08-05,B18,OK,N
EM296,C1295,A2295,40230.45,ACTIVE,CURRENT,2022-04-25,B12,OK,N
EM297,C1296,A2296,43128.08,PENDING,SAVINGS,2024-09-12,B8,OK,N
EM298,C1297,A2297,13833.04,INACTIVE,LOAN,2020-08-30,B5,OK,N
EM299,C1298,A2298,34239.18,ACTIVE,LOAN,2024-07-08,B3,OK,N
EM300,C1299,A2299,4253.08,INACTIVE,SAVINGS,2020-07-28,B7,OK,N
EM301,C1300,A2300,21964.84,PENDING,CURRENT,2021-02-20,B15,,N
EM302,C1301,A2301,49695.84,ACTIVE,SAVINGS,2021-05-15,B3,OK,Y
EM303,C1302,A2302,39066.12,INACTIVE,CURRENT,2020-12-04,B9,OK,Y
EM304,C1303,A2303,37848.25,ACTIVE,SAVINGS,2021-06-24,B13,OK,N
EM305,C1304,A2304,30877.53,PENDING,CURRENT,2023-08-30,B7,OK,N
EM306,C1305,A2305,1954.67,INACTIVE,CURRENT,2023-05-12,B10,OK,N
EM307,C1306,A2306,17913.41,ACTIVE,LOAN,2021-10-11,B5,OK,Y
EM308,C1307,A2307,34769.83,ACTIVE,LOAN,2024-03-17,B15,OK,Y
EM309,C1308,A2308,41472.74,INACTIVE,LOAN,2021-10-19,B8,OK,Y
EM310,C1309,A2309,34277.84,PENDING,CURRENT,2021-05-18,B17,OK,N
EM311,C1310,A2310,11192.83,PENDING,SAVINGS,2025-01-10,B10,OK,N
EM312,C1311,A2311,9445.33,ACTIVE,SAVINGS,2025-03-10,B16,OK,N
EM313,C1312,A2312,23257.69,PENDING,LOAN,2023-08-19,B14,OK,Y
EM314,C1313,A2313,28680.02,INACTIVE,LOAN,2021-06-01,B10,OK,N
EM315,C1314,A2314,41667.55,PENDING,SAVINGS,2024-02-26,B9,OK,Y
EM316,C1315,A2315,24668.54,INACTIVE,CURRENT,2023-11-13,B20,OK,N
EM317,C1316,A2316,24656.43,ACTIVE,LOAN,2024-03-30,B4,OK,N
EM318,C1317,A2317,4621.69,INACTIVE,LOAN,2023-08-14,B5,OK,Y
EM319,C1318,A2318,41532.86,ACTIVE,CURRENT,2025-02-13,B10,OK,N
EM320,C1319,A2319,22959.75,PENDING,SAVINGS,2025-03-21,B7,OK,N
EM321,C1320,A2320,,PENDING,SAVINGS,2024-10-24,B14,OK,Y
EM322,C1321,A2321,13200.81,INACTIVE,SAVINGS,2020-05-23,B6,OK,Y
EM323,C1322,A2322,6239.19,ACTIVE,CURRENT,2020-04-16,B17,OK,Y
EM324,C1323,A2323,23308.79,ACTIVE,SAVINGS,2023-05-12,B3,OK,Y
EM325,C1324,A2324,11890.91,ACTIVE,LOAN,2022-02-10,B19,OK,N
EM326,C1325,A2325,8565.98,INACTIVE,CURRENT,2022-12-10,B16,,N
EM327,C1326,A2326,37619.26,PENDING,CURRENT,2020-07-05,B6,OK,N
EM328,C1327,A2327,17657.67,PENDING,SAVINGS,2022-04-16,B4,OK,N
EM329,C1328,A2328,32258.93,PENDING,SAVINGS,2022-01-09,B10,OK,N
EM330,C1329,A2329,5266.36,ACTIVE,SAVINGS,2021-12-23,B10,OK,N
EM331,C1330,A2330,10848.27,INACTIVE,CURRENT,2022-03-11,B17,OK,N
EM332,C1331,A2331,25912.59,PENDING,SAVINGS,2022-07-20,B2,OK,N
EM333,C1332,A2332,17691.61,ACTIVE,LOAN,2022-12-25,B20,OK,Y
EM334,C1333,A2333,17473.56,PENDING,LOAN,2024-10-13,B11,OK,N
EM335,C1334,A2334,29317.47,INACTIVE,SAVINGS,2021-01-10,B19,OK,Y
EM336,C1335,A2335,22844.91,PENDING,CURRENT,2023-08-25,B2,OK,Y
EM337,C1336,A2336,29301.4,INACTIVE,LOAN,2023-07-25,B15,OK,Y
EM338,C1337,A2337,38192.69,INACTIVE,CURRENT,2023-11-19,B5,OK,Y
EM339,C1338,A2338,42764.5,INACTIVE,LOAN,2021-01-11,B13,OK,Y
EM340,C1339,A2339,3894.64,ACTIVE,SAVINGS,2020-11-17,B13,OK,N
EM341,C1340,A2340,9108.8,ACTIVE,CURRENT,2022-07-21,B10,OK,Y
EM342,C1341,A2341,21232.14,ACTIVE,CURRENT,2022-03-01,B5,OK,N
EM343,C1342,A2342,22670.06,ACTIVE,CURRENT,2023-12-27,B3,OK,N
EM344,C1343,A2343,13930.04,PENDING,LOAN,2024-03-07,B7,OK,Y
EM345,C1344,A2344,6384.78,ACTIVE,SAVINGS,2020-04-04,B17,OK,N
EM346,C1345,A2345,19850.75,ACTIVE,CURRENT,2020-05-15,B11,OK,Y
EM347,C1346,A2346,34638.36,ACTIVE,LOAN,2020-05-21,B2,OK,N
EM348,C1347,A2347,10286.53,ACTIVE,LOAN,2022-05-19,B14,OK,N
EM349,C1348,A2348,45271.77,ACTIVE,SAVINGS,2022-10-04,B11,OK,Y
EM350,C1349,A2349,17924.61,ACTIVE,SAVINGS,2023-02-22,B6,OK,Y
EM351,C1350,A2350,46964.96,INACTIVE,CURRENT,2021-08-11,B9,,Y
EM352,C1351,A2351,13178.18,PENDING,LOAN,2021-08-27,B6,OK,Y
EM353,C1352,A2352,1251.08,ACTIVE,SAVINGS,2020-03-03,B13,OK,N
EM354,C1353,A2353,44937.19,PENDING,CURRENT,2021-06-27,B4,OK,Y
EM355,C1354,A2354,48145.19,INACTIVE,CURRENT,2025-01-09,B6,OK,N
EM356,C1355,A2355,1418.4,ACTIVE,LOAN,2023-05-03,B19,OK,Y
EM357,C1356,A2356,6413.32,PENDING,CURRENT,2021-01-21,B8,OK,N
EM358,C1357,A2357,38236.75,ACTIVE,LOAN,2020-03-26,B2,OK,Y
EM359,C1358,A2358,42492.74,INACTIVE,LOAN,2024-04-09,B13,OK,N
EM360,C1359,A2359,44351.96,INACTIVE,SAVINGS,2020-06-26,B2,OK,N
EM361,C1360,A2360,,ACTIVE,CURRENT,2024-01-27,B18,OK,Y
EM362,C1361,A2361,20771.91,INACTIVE,LOAN,2020-06-30,B16,OK,N
EM363,C1362,A2362,23013.47,ACTIVE,CURRENT,2022-06-01,B5,OK,Y
EM364,C1363,A2363,42970.71,INACTIVE,SAVINGS,2022-03-09,B6,OK,Y
EM365,C1364,A2364,21096.83,INACTIVE,LOAN,2020-01-22,B7,OK,N
EM366,C1365,A2365,33996.04,INACTIVE,CURRENT,2024-06-21,B1,OK,Y
EM367,C1366,A2366,9879.79,ACTIVE,LOAN,2020-10-03,B8,OK,Y
EM368,C1367,A2367,25717.43,PENDING,LOAN,2021-12-13,B12,OK,Y
EM369,C1368,A2368,6471.03,ACTIVE,CURRENT,2022-11-07,B20,OK,N
EM370,C1369,A2369,11998.42,INACTIVE,SAVINGS,2020-11-18,B5,OK,Y
EM371,C1370,A2370,2419.09,ACTIVE,LOAN,2023-04-10,B2,OK,N
EM372,C1371,A2371,8591.77,ACTIVE,SAVINGS,2025-06-06,B5,OK,Y
EM373,C1372,A2372,43892.35,INACTIVE,LOAN,2023-11-18,B14,OK,Y
EM374,C1373,A2373,3376.06,ACTIVE,CURRENT,2022-09-29,B17,OK,Y
EM375,C1374,A2374,27521.2,PENDING,LOAN,2020-08-09,B12,OK,Y
EM376,C1375,A2375,9262.27,ACTIVE,CURRENT,2022-09-10,B8,,N
EM377,C1376,A2376,26905.94,PENDING,LOAN,2023-07-08,B14,OK,Y
EM378,C1377,A2377,39231.74,INACTIVE,LOAN,2021-02-02,B3,OK,Y
EM379,C1378,A2378,27159.24,ACTIVE,CURRENT,2025-03-16,B15,OK,N
EM380,C1379,A2379,33504.2,ACTIVE,SAVINGS,2025-04-05,B1,OK,Y
EM381,C1380,A2380,34355.55,INACTIVE,LOAN,2024-12-28,B11,OK,N
EM382,C1381,A2381,7560.6,ACTIVE,LOAN,2025-05-17,B4,OK,N
EM383,C1382,A2382,17834.09,ACTIVE,CURRENT,2022-08-11,B17,OK,N
EM384,C1383,A2383,7110.22,ACTIVE,CURRENT,2021-02-03,B7,OK,Y
EM385,C1384,A2384,20991.66,INACTIVE,LOAN,2021-04-13,B19,OK,N
EM386,C1385,A2385,29220.86,INACTIVE,CURRENT,2023-08-02,B20,OK,N
EM387,C1386,A2386,15777.71,PENDING,LOAN,2021-12-13,B1,OK,Y
EM388,C1387,A2387,23577.8,ACTIVE,LOAN,2022-06-27,B19,OK,N
EM389,C1388,A2388,20293.86,INACTIVE,LOAN,2024-06-25,B7,OK,N
EM390,C1389,A2389,28059.96,PENDING,LOAN,2024-04-14,B5,OK,N
EM391,C1390,A2390,10687.2,PENDING,CURRENT,2021-12-26,B19,OK,N
EM392,C1391,A2391,17896.33,ACTIVE,CURRENT,2025-04-05,B14,OK,N
EM393,C1392,A2392,23333.34,PENDING,SAVINGS,2024-05-26,B8,OK,N
EM394,C1393,A2393,4448.07,ACTIVE,CURRENT,2025-03-17,B11,OK,N
EM395,C1394,A2394,16648.09,ACTIVE,CURRENT,2023-04-12,B17,OK,Y
EM396,C1395,A2395,17952.16,ACTIVE,SAVINGS,2022-06-29,B9,OK,N
EM397,C1396,A2396,8133.92,INACTIVE,CURRENT,2020-07-30,B19,OK,N
EM398,C1397,A2397,19744.52,PENDING,SAVINGS,2021-12-08,B20,OK,Y
EM399,C1398,A2398,2377.93,PENDING,LOAN,2021-12-22,B19,OK,N
EM400,C1399,A2399,37899.81,PENDING,LOAN,2021-09-16,B4,OK,N
EM401,C1400,A2400,,INACTIVE,CURRENT,2023-11-20,B3,,N
EM402,C1401,A2401,38735.71,ACTIVE,CURRENT,2023-10-23,B16,OK,Y
EM403,C1402,A2402,12079.42,ACTIVE,LOAN,2021-01-18,B6,OK,Y
EM404,C1403,A2403,865.93,PENDING,LOAN,2024-04-26,B5,OK,N
EM405,C1404,A2404,4337.76,ACTIVE,LOAN,2023-09-13,B5,OK,N
EM406,C1405,A2405,44567.22,PENDING,LOAN,2024-09-20,B19,OK,Y
EM407,C1406,A2406,34851.41,PENDING,CURRENT,2022-12-25,B20,OK,N
EM408,C1407,A2407,33059.47,INACTIVE,CURRENT,2023-01-19,B10,OK,Y
EM409,C1408,A2408,10753.25,INACTIVE,SAVINGS,2021-09-28,B5,OK,Y
EM410,C1409,A2409,42427.84,PENDING,CURRENT,2020-06-26,B8,OK,N
EM411,C1410,A2410,27551.34,INACTIVE,CURRENT,2022-06-13,B4,OK,Y
EM412,C1411,A2411,41625.45,ACTIVE,LOAN,2024-03-31,B7,OK,Y
EM413,C1412,A2412,25696.23,INACTIVE,LOAN,2025-05-24,B16,OK,N
EM414,C1413,A2413,20263.42,INACTIVE,LOAN,2022-03-13,B16,OK,N
EM415,C1414,A2414,25503.56,PENDING,CURRENT,2023-09-18,B11,OK,Y
EM416,C1415,A2415,46964.6,INACTIVE,LOAN,2024-11-13,B3,OK,Y
EM417,C1416,A2416,25098.34,PENDING,CURRENT,2020-08-10,B8,OK,Y
EM418,C1417,A2417,19084.08,ACTIVE,SAVINGS,2023-10-27,B18,OK,N
EM419,C1418,A2418,27083.44,INACTIVE,SAVINGS,2025-02-18,B7,OK,Y
EM420,C1419,A2419,22196.01,ACTIVE,CURRENT,2025-06-09,B15,OK,N
EM421,C1420,A2420,11582.74,INACTIVE,SAVINGS,2022-01-08,B5,OK,Y
EM422,C1421,A2421,837.89,ACTIVE,LOAN,2025-06-02,B2,OK,N
EM423,C1422,A2422,28646.04,INACTIVE,CURRENT,2021-07-18,B7,OK,N
EM424,C1423,A2423,18553.48,PENDING,SAVINGS,2024-09-30,B15,OK,N
EM425,C1424,A2424,5135.72,ACTIVE,SAVINGS,2022-09-07,B19,OK,Y
EM426,C1425,A2425,16794.43,ACTIVE,LOAN,2022-01-17,B2,,N
EM427,C1426,A2426,24316.66,PENDING,LOAN,2025-04-02,B10,OK,Y
EM428,C1427,A2427,11334.58,INACTIVE,LOAN,2022-08-30,B8,OK,N
EM429,C1428,A2428,41133.66,INACTIVE,LOAN,2021-01-02,B1,OK,N
EM430,C1429,A2429,3328.66,INACTIVE,CURRENT,2020-02-12,B20,OK,N
EM431,C1430,A2430,23749.51,PENDING,CURRENT,2020-11-27,B5,OK,N
EM432,C1431,A2431,6960.53,ACTIVE,LOAN,2023-04-06,B14,OK,N
EM433,C1432,A2432,3501.19,ACTIVE,SAVINGS,2021-10-20,B8,OK,N
EM434,C1433,A2433,34349.6,INACTIVE,CURRENT,2025-02-09,B17,OK,N
EM435,C1434,A2434,21537.3,INACTIVE,CURRENT,2021-10-09,B16,OK,N
EM436,C1435,A2435,34612.26,PENDING,LOAN,2022-05-18,B13,OK,N
EM437,C1436,A2436,36503.52,ACTIVE,SAVINGS,2021-01-11,B7,OK,N
EM438,C1437,A2437,48723.63,INACTIVE,CURRENT,2023-02-16,B19,OK,Y
EM439,C1438,A2438,20676.91,ACTIVE,LOAN,2020-06-28,B15,OK,N
EM440,C1439,A2439,14106.45,ACTIVE,LOAN,2021-03-13,B12,OK,N
EM441,C1440,A2440,,PENDING,CURRENT,2021-07-04,B9,OK,N
EM442,C1441,A2441,30939.74,INACTIVE,LOAN,2025-01-06,B5,OK,Y
EM443,C1442,A2442,31781.83,PENDING,SAVINGS,2023-08-05,B13,OK,N
EM444,C1443,A2443,11198.73,PENDING,CURRENT,2021-03-25,B13,OK,Y
EM445,C1444,A2444,832.36,ACTIVE,LOAN,2023-03-06,B16,OK,N
EM446,C1445,A2445,17264.99,PENDING,CURRENT,2022-09-09,B8,OK,N
EM447,C1446,A2446,37757.15,INACTIVE,SAVINGS,2023-12-07,B16,OK,N
EM448,C1447,A2447,8838.16,PENDING,LOAN,2025-04-11,B7,OK,N
EM449,C1448,A2448,43443.54,INACTIVE,CURRENT,2020-03-29,B7,OK,N
EM450,C1449,A2449,13235.16,INACTIVE,SAVINGS,2021-01-15,B12,OK,N
EM451,C1450,A2450,22565.12,INACTIVE,LOAN,2022-10-31,B14,,N
EM452,C1451,A2451,41567.67,INACTIVE,SAVINGS,2020-10-07,B13,OK,N
EM453,C1452,A2452,26096.65,INACTIVE,CURRENT,2020-01-20,B11,OK,Y
EM454,C1453,A2453,31334.07,ACTIVE,LOAN,2024-04-22,B1,OK,Y
EM455,C1454,A2454,7042.44,INACTIVE,CURRENT,2024-02-04,B19,OK,Y
EM456,C1455,A2455,35470.99,INACTIVE,LOAN,2023-03-03,B4,OK,N
EM457,C1456,A2456,12245.37,ACTIVE,LOAN,2025-04-15,B19,OK,N
EM458,C1457,A2457,43582.34,PENDING,SAVINGS,2022-12-18,B18,OK,Y
EM459,C1458,A2458,14190.92,PENDING,LOAN,2022-01-12,B4,OK,Y
EM460,C1459,A2459,25572.45,INACTIVE,CURRENT,2023-01-30,B14,OK,Y
EM461,C1460,A2460,30448.81,INACTIVE,SAVINGS,2020-04-08,B9,OK,Y
EM462,C1461,A2461,47569.58,INACTIVE,CURRENT,2024-12-13,B3,OK,Y
EM463,C1462,A2462,38802.79,ACTIVE,CURRENT,2024-09-08,B7,OK,N
EM464,C1463,A2463,29155.22,ACTIVE,SAVINGS,2023-04-15,B17,OK,N
EM465,C1464,A2464,44466.72,ACTIVE,LOAN,2022-10-27,B1,OK,N
EM466,C1465,A2465,10111.93,PENDING,LOAN,2023-02-01,B4,OK,Y
EM467,C1466,A2466,18895.7,PENDING,SAVINGS,2020-03-26,B12,OK,N
EM468,C1467,A2467,5210.24,INACTIVE,CURRENT,2022-11-18,B13,OK,N
EM469,C1468,A2468,29622.5,PENDING,LOAN,2021-08-10,B7,OK,N
EM470,C1469,A2469,661.61,ACTIVE,LOAN,2021-07-01,B10,OK,Y
EM471,C1470,A2470,15873.37,PENDING,CURRENT,2025-01-16,B1,OK,Y
EM472,C1471,A2471,5050.52,PENDING,CURRENT,2020-11-05,B7,OK,Y
EM473,C1472,A2472,23155.43,INACTIVE,SAVINGS,2020-02-18,B14,OK,N
EM474,C1473,A2473,37004.89,PENDING,LOAN,2023-11-09,B3,OK,Y
EM475,C1474,A2474,2858.71,INACTIVE,SAVINGS,2023-10-26,B5,OK,Y
EM476,C1475,A2475,37315.84,PENDING,LOAN,2023-01-28,B16,,N
EM477,C1476,A2476,44510.61,PENDING,SAVINGS,2020-03-15,B8,OK,Y
EM478,C1477,A2477,8001.65,ACTIVE,CURRENT,2022-01-02,B20,OK,Y
EM479,C1478,A2478,31852.03,ACTIVE,SAVINGS,2021-05-04,B17,OK,Y
EM480,C1479,A2479,35198.05,PENDING,LOAN,2023-01-28,B19,OK,Y
EM481,C1480,A2480,,ACTIVE,CURRENT,2022-09-03,B18,OK,Y
EM482,C1481,A2481,9040.9,PENDING,LOAN,2021-11-26,B9,OK,Y
EM483,C1482,A2482,43556.49,PENDING,SAVINGS,2020-05-22,B17,OK,N
EM484,C1483,A2483,36837.7,ACTIVE,SAVINGS,2020-06-12,B5,OK,N
EM485,C1484,A2484,10679.61,INACTIVE,CURRENT,2024-09-23,B4,OK,N
EM486,C1485,A2485,34136.87,ACTIVE,SAVINGS,2024-09-27,B16,OK,N
EM487,C1486,A2486,2664.32,INACTIVE,SAVINGS,2025-04-12,B5,OK,N
EM488,C1487,A2487,20006.51,PENDING,CURRENT,2023-12-12,B20,OK,Y
EM489,C1488,A2488,10575.52,INACTIVE,LOAN,2024-01-04,B16,OK,N
EM490,C1489,A2489,1857.23,INACTIVE,SAVINGS,2022-09-27,B3,OK,N
EM491,C1490,A2490,3730.74,ACTIVE,CURRENT,2025-03-29,B17,OK,Y
EM492,C1491,A2491,25053.48,INACTIVE,CURRENT,2023-07-04,B19,OK,Y
EM493,C1492,A2492,10802.99,PENDING,SAVINGS,2024-07-05,B17,OK,N
EM494,C1493,A2493,10408.69,PENDING,LOAN,2020-03-27,B8,OK,N
EM495,C1494,A2494,12145.45,PENDING,SAVINGS,2023-10-17,B8,OK,N
EM496,C1495,A2495,11231.02,ACTIVE,CURRENT,2023-05-27,B19,OK,Y
EM497,C1496,A2496,43328.5,ACTIVE,SAVINGS,2021-08-13,B20,OK,Y
EM498,C1497,A2497,12952.23,ACTIVE,LOAN,2023-08-31,B9,OK,N
EM499,C1498,A2498,48767.27,PENDING,CURRENT,2021-12-03,B3,OK,N
EM500,C1499,A2499,30705.91,INACTIVE,CURRENT,2020-01-03,B14,OK,N
